,filename,c1_lexical_similarity,c2_lexical_similarity,c3_lexical_similarity,c4_lexical_similarity,c5_lexical_similarity,c6_lexical_similarity,c7_lexical_similarity,c8_lexical_similarity,c9_lexical_similarity,c10_lexical_similarity,c11_lexical_similarity,c12_lexical_similarity,c13_lexical_similarity,c14_lexical_similarity,c15_lexical_similarity,c16_lexical_similarity,c1_semantic_similarity,c2_semantic_similarity,c3_semantic_similarity,c4_semantic_similarity,c5_semantic_similarity,c6_semantic_similarity,c7_semantic_similarity,c8_semantic_similarity,c9_semantic_similarity,c10_semantic_similarity,c11_semantic_similarity,c12_semantic_similarity,c13_semantic_similarity,c14_semantic_similarity,c15_semantic_similarity,c16_semantic_similarity,c1_new_content_proportion,c2_new_content_proportion,c3_new_content_proportion,c4_new_content_proportion,c5_new_content_proportion,c6_new_content_proportion,c7_new_content_proportion,c8_new_content_proportion,c9_new_content_proportion,c10_new_content_proportion,c11_new_content_proportion,c12_new_content_proportion,c13_new_content_proportion,c14_new_content_proportion,c15_new_content_proportion,c16_new_content_proportion,c1_len_quote,c2_len_quote,c3_len_quote,c4_len_quote,c5_len_quote,c6_len_quote,c7_len_quote,c8_len_quote,c9_len_quote,c10_len_quote,c11_len_quote,c12_len_quote,c13_len_quote,c14_len_quote,c15_len_quote,c16_len_quote,c1_len_original,c2_len_original,c3_len_original,c4_len_original,c5_len_original,c6_len_original,c7_len_original,c8_len_original,c9_len_original,c10_len_original,c11_len_original,c12_len_original,c13_len_original,c14_len_original,c15_len_original,c16_len_original,c1_question_count,c2_question_count,c3_question_count,c4_question_count,c5_question_count,c6_question_count,c7_question_count,c8_question_count,c9_question_count,c10_question_count,c11_question_count,c12_question_count,c13_question_count,c14_question_count,c15_question_count,c16_question_count,c17_lexical_similarity,c18_lexical_similarity,c19_lexical_similarity,c20_lexical_similarity,c17_semantic_similarity,c18_semantic_similarity,c19_semantic_similarity,c20_semantic_similarity,c17_new_content_proportion,c18_new_content_proportion,c19_new_content_proportion,c20_new_content_proportion,c17_len_quote,c18_len_quote,c19_len_quote,c20_len_quote,c17_len_original,c18_len_original,c19_len_original,c20_len_original,c17_question_count,c18_question_count,c19_question_count,c20_question_count
0,113567594.0_1_delta_threads.xml,0.4884012837883578,0.4365263648245272,0.3809386995932858,0.1394463736498421,0.3447008827876854,0.2771753776860392,0.1412450637137401,0.3798555081950228,,,,,,,,,0.6072524785995483,0.5815595388412476,0.5714604258537292,0.2666139602661133,0.2504571974277496,0.4047482013702392,0.3385326862335205,0.1841613352298736,,,,,,,,,1.0,0.728,1.0,1.0,1.0,1.0,1.0,1.0,,,,,,,,,0,34,0,0,0,0.0,0.0,0.0,,,,,,,,,360,91,215,55,98,80.0,41.0,328.0,,,,,,,,,0,0,0,1,3,0.0,1.0,0.0,,,,,,,,,,,,,,,,,,,,,,,,,,,,,,,,
1,1082495263.0_2_delta_threads.xml,0.5161550661210889,0.4747944180811566,0.5166324452710481,0.5746754808763542,0.5359810700348209,0.1352743044150816,0.3965591387691112,,,,,,,,,,0.3262566328048706,0.2594662010669708,0.2480199635028839,0.5069229602813721,0.5199636816978455,0.3517021238803863,0.2480335831642151,,,,,,,,,,0.8865248226950354,1.0,0.8562874251497006,1.0,0.5833333333333334,1.0,1.0,,,,,,,,,,16,0,24,0,70,0.0,0.0,,,,,,,,,,125,105,143,230,98,10.0,55.0,,,,,,,,,,0,0,1,0,1,1.0,0.0,,,,,,,,,,,,,,,,,,,,,,,,,,,,,,,,,
2,1409948101.0_2_delta_threads.xml,0.1413747022612621,0.1252261858059428,0.0684095513556671,0.122238422852853,0.1159008574104074,0.2715041499387611,0.3445731857430089,,,,,,,,,,0.1571653336286544,0.1786918491125106,0.0465351678431034,0.1165344938635826,0.1528321951627731,0.3117707967758178,0.4256979823112488,,,,,,,,,,1.0,1.0,1.0,1.0,1.0,1.0,0.6357142857142857,,,,,,,,,,0,0,0,0,0,0.0,51.0,,,,,,,,,,28,33,37,48,69,77.0,89.0,,,,,,,,,,0,0,2,0,0,1.0,1.0,,,,,,,,,,,,,,,,,,,,,,,,,,,,,,,,,
3,1378810771.0_1_delta_threads.xml,0.4956004816765263,0.4449049734376636,0.3264041195508871,0.2609727824183326,0.3448465737842248,0.1949367929813567,0.4896707606810478,,,,,,,,,,0.6672090291976929,0.4624080955982208,0.3979013562202453,0.3737227618694305,0.2781648933887481,0.2987529933452606,0.5729382038116455,,,,,,,,,,1.0,1.0,1.0,1.0,1.0,1.0,1.0,,,,,,,,,,0,0,0,0,0,0.0,0.0,,,,,,,,,,136,66,59,28,81,16.0,242.0,,,,,,,,,,1,0,0,2,0,0.0,4.0,,,,,,,,,,,,,,,,,,,,,,,,,,,,,,,,,
4,1437482501.0_1_delta_threads.xml,0.3706358656402864,0.231233610851831,0.2433897739933019,0.166418088726079,0.1250703682686333,0.187112083389546,,,,,,,,,,,0.4972954392433166,0.505338191986084,0.320155531167984,0.5195894837379456,0.487797200679779,0.4478031396865845,,,,,,,,,,,1.0,1.0,1.0,1.0,1.0,1.0,,,,,,,,,,,0,0,0,0,0,0.0,,,,,,,,,,,45,53,33,14,17,10.0,,,,,,,,,,,2,0,0,0,0,0.0,,,,,,,,,,,,,,,,,,,,,,,,,,,,,,,,,,
5,154839924.0_4_delta_threads.xml,0.4587928931943571,0.165031874446193,0.1293516348142926,0.1584425578740774,0.4050906869989919,0.2350601625728045,0.1231009175770779,,,,,,,,,,0.5128397345542908,0.2213909178972244,-0.0437883175909519,0.0973407998681068,0.1884194016456604,0.0421968549489975,-0.0560030229389667,,,,,,,,,,1.0,0.3214285714285714,1.0,1.0,1.0,1.0,1.0,,,,,,,,,,0,19,0,0,0,0.0,0.0,,,,,,,,,,576,9,27,34,386,93.0,25.0,,,,,,,,,,1,2,0,1,0,1.0,0.0,,,,,,,,,,,,,,,,,,,,,,,,,,,,,,,,,
6,1719432989.0_3_delta_threads.xml,0.3650171063337775,0.3260593231569763,0.3193433150958829,0.070911723790085,0.291435277546953,0.3345589569649032,0.2417495405126623,0.2896740460868438,0.3212122455295217,,,,,,,,0.4094627499580383,0.4186856746673584,0.4956808090209961,0.4100306034088135,0.4211761057376861,0.672765851020813,0.4041459262371063,0.3461950421333313,0.244814857840538,,,,,,,,1.0,1.0,1.0,1.0,1.0,1.0,1.0,1.0,1.0,,,,,,,,0,0,0,0,0,0.0,0.0,0.0,0.0,,,,,,,,35,67,38,12,81,121.0,30.0,50.0,39.0,,,,,,,,0,0,0,0,0,1.0,0.0,0.0,0.0,,,,,,,,,,,,,,,,,,,,,,,,,,,,,,,
7,1719432989.0_1_delta_threads.xml,0.463852250876813,0.4492316244172178,0.1686180145211995,0.3535670264452468,0.2296973542518973,0.1970636811157178,0.1917377184590124,0.1214611792585049,0.372146052517802,0.2945445780986158,0.3602483138067345,,,,,,0.6625794172286987,0.6408639550209045,0.3972402513027191,0.4548592567443847,0.5244777798652649,0.5185943245887756,0.5850744247436523,-0.0227536372840404,0.5958997011184692,0.0603716075420379,0.5868371725082397,,,,,,1.0,0.6553191489361702,1.0,1.0,1.0,0.7021276595744681,0.3214285714285714,1.0,0.6491228070175439,1.0,0.7407407407407407,,,,,,0,81,0,0,0,14.0,19.0,0.0,20.0,0.0,14.0,,,,,,171,154,14,49,50,33.0,9.0,20.0,37.0,21.0,40.0,,,,,,3,4,1,0,2,0.0,1.0,0.0,1.0,0.0,1.0,,,,,,,,,,,,,,,,,,,,,,,,,,,,,
8,1821161756.0_2_delta_threads.xml,0.4962176532915875,0.2477078414706245,0.1689633611965327,0.0308009624162079,0.2329826800070737,0.0655067839771652,0.2232197884502362,,,,,,,,,,0.6101168394088745,0.4625566601753235,0.5680580139160156,0.081053651869297,0.2158356308937072,-0.0329031348228454,0.1457454562187194,,,,,,,,,,0.7586206896551724,1.0,1.0,1.0,1.0,1.0,1.0,,,,,,,,,,56,0,0,0,0,0.0,0.0,,,,,,,,,,176,52,45,14,20,8.0,20.0,,,,,,,,,,5,2,2,0,1,0.0,1.0,,,,,,,,,,,,,,,,,,,,,,,,,,,,,,,,,
9,1821161756.0_1_delta_threads.xml,0.319613554353971,0.1733613150023226,0.34394381268628,0.1869128676489295,0.2898394886170993,0.0780085849241617,0.3028755550841669,,,,,,,,,,0.467529833316803,0.282151848077774,0.4542714953422546,0.3165988028049469,0.4318320155143738,0.2118271440267563,0.5318827629089355,,,,,,,,,,1.0,1.0,1.0,1.0,1.0,1.0,1.0,,,,,,,,,,0,0,0,0,0,0.0,0.0,,,,,,,,,,30,19,107,59,48,23.0,83.0,,,,,,,,,,2,1,0,0,0,0.0,1.0,,,,,,,,,,,,,,,,,,,,,,,,,,,,,,,,,
10,2030191996.0_1_delta_threads.xml,0.1391107710851161,0.2072047907990257,0.1419721091593285,0.3219222507980045,0.1236649215016069,0.0758903827976943,,,,,,,,,,,0.5525392889976501,0.1921886652708053,0.3947757482528686,0.1717067956924438,0.093182161450386,0.0491289608180522,,,,,,,,,,,1.0,1.0,1.0,1.0,1.0,1.0,,,,,,,,,,,0,0,0,0,0,0.0,,,,,,,,,,,32,109,52,35,53,35.0,,,,,,,,,,,2,0,0,0,0,0.0,,,,,,,,,,,,,,,,,,,,,,,,,,,,,,,,,,
11,217468142.0_1_delta_threads.xml,0.1118302942286313,0.4868228660846511,0.4390399920876237,0.2962133384690325,0.2181664133487164,0.1932816620493922,0.1381676618358259,0.23411462905522,0.0923408384492746,0.3740211929040949,0.1611971542384486,0.4789494039192458,0.3263746620163897,,,,0.4838883578777313,0.6320183873176575,0.5501033663749695,0.514283299446106,0.3795010447502136,0.552308201789856,0.4369528591632843,0.5793306827545166,0.5874442458152771,0.6240918636322021,0.528435230255127,0.6339803338050842,0.4476088583469391,,,,1.0,1.0,0.6370370370370371,1.0,0.5789473684210527,1.0,0.7804878048780488,1.0,1.0,1.0,1.0,1.0,0.2212389380530973,,,,0,0,49,0,16,0.0,9.0,0.0,0.0,0.0,0.0,0.0,88.0,,,,18,82,86,70,22,41.0,32.0,45.0,17.0,154.0,31.0,339.0,25.0,,,,1,0,2,1,2,0.0,2.0,0.0,0.0,0.0,0.0,1.0,0.0,,,,,,,,,,,,,,,,,,,,,,,,,,,
12,223614694.0_1_delta_threads.xml,0.5425239148898522,0.4470371358324123,0.2388648537603049,0.4943683027443635,0.6323370931280465,0.5483325878318195,0.1910141715535786,0.3951485752743498,0.4842545643028746,0.5987497002741391,0.3870362575502658,0.2843660025906263,0.6379462313118488,,,,0.6764309406280518,0.6828967332839966,0.4196560382843017,0.8134993314743042,0.734870970249176,0.6832573413848877,0.4514440596103668,0.4550316929817199,0.5552254319190979,0.6343951225280762,0.576647937297821,0.3986772000789642,0.6552454233169556,,,,1.0,1.0,1.0,1.0,0.86875,1.0,1.0,1.0,1.0,1.0,1.0,1.0,0.9817351598173516,,,,0,0,0,0,42,0.0,0.0,0.0,0.0,0.0,0.0,0.0,8.0,,,,105,122,42,120,278,98.0,41.0,130.0,175.0,187.0,158.0,59.0,430.0,,,,1,0,0,1,0,0.0,1.0,1.0,0.0,2.0,3.0,0.0,3.0,,,,,,,,,,,,,,,,,,,,,,,,,,,
13,220698466.0_1_delta_threads.xml,0.4500516047055987,0.3316395133714426,0.2773590523092116,0.1531556229255518,0.2083918346372051,0.2941612239044814,0.3844134235855553,0.5911213858145069,0.5325533209656959,0.6433302853731028,,,,,,,0.6702897548675537,0.4362953305244446,0.3939834833145141,0.4451963901519775,0.2327430993318557,0.0876644775271415,0.6122738122940063,0.6419580578804016,0.4132325947284698,0.4571701884269714,,,,,,,1.0,1.0,1.0,1.0,1.0,1.0,1.0,1.0,1.0,0.7627551020408163,,,,,,,0,0,0,0,0,0.0,0.0,0.0,0.0,93.0,,,,,,,86,92,56,39,29,116.0,60.0,183.0,136.0,299.0,,,,,,,2,0,2,0,3,1.0,0.0,1.0,0.0,2.0,,,,,,,,,,,,,,,,,,,,,,,,,,,,,,
14,2366753957.0_5_delta_threads.xml,0.2546240741355147,0.1762037327140874,0.2409334648370672,0.2290658851062053,0.329472158215213,0.2555760596359109,0.2555118276906106,,,,,,,,,,0.5427462458610535,0.5962353944778442,0.5711696147918701,0.4646359086036682,0.3757959604263305,0.2933012247085571,0.38161700963974,,,,,,,,,,1.0,1.0,1.0,1.0,1.0,1.0,1.0,,,,,,,,,,0,0,0,0,0,0.0,0.0,,,,,,,,,,58,20,77,77,259,35.0,88.0,,,,,,,,,,4,1,0,0,0,2.0,0.0,,,,,,,,,,,,,,,,,,,,,,,,,,,,,,,,,
15,2366753957.0_6_delta_threads.xml,0.5843268414206824,0.1807278645276232,0.1218998943066939,0.0803516692630469,0.1978771724896043,0.1623669644230899,0.1907741460816631,0.2562939989581693,0.0709673181221456,,,,,,,,0.8143320679664612,0.5496662855148315,0.0825755819678306,0.3605807721614837,0.2127574831247329,0.4497554898262024,0.6143054366111755,0.5997425317764282,0.0546389669179916,,,,,,,,1.0,1.0,1.0,1.0,1.0,1.0,1.0,1.0,1.0,,,,,,,,0,0,0,0,0,0.0,0.0,0.0,0.0,,,,,,,,132,30,38,6,53,20.0,38.0,51.0,17.0,,,,,,,,4,1,2,0,0,1.0,0.0,0.0,0.0,,,,,,,,,,,,,,,,,,,,,,,,,,,,,,,
16,2366753957.0_4_delta_threads.xml,0.2022384346503503,0.1278088415230413,0.2280872660529318,0.269408660598065,0.2952860566404995,0.2458139780026026,0.3875053629207556,,,,,,,,,,0.345223605632782,0.1558943390846252,0.15777388215065,0.2469524145126342,0.5320714712142944,0.501679539680481,0.6105080246925354,,,,,,,,,,1.0,1.0,1.0,1.0,1.0,1.0,1.0,,,,,,,,,,0,0,0,0,0,0.0,0.0,,,,,,,,,,78,14,31,41,43,55.0,57.0,,,,,,,,,,1,1,4,2,1,0.0,0.0,,,,,,,,,,,,,,,,,,,,,,,,,,,,,,,,,
17,2366753957.0_8_delta_threads.xml,0.1810611714281291,0.2008889815690916,0.065006723062117,0.2313419805809003,0.177239690758366,0.173003765544926,0.0353091662161815,0.097873549102065,0.0,0.1033534253254762,0.1438421400186501,0.0202603369651934,0.1338945491702023,0.107503265497562,0.1780792788531031,,0.4002828598022461,0.5510805249214172,0.1155954301357269,0.3912510275840759,0.0195533297955989,0.4068933725357055,-0.0020517986267805,0.4021988213062286,0.0447055585682392,0.4585387706756592,0.3744319975376129,-0.0099845454096794,0.4036226868629455,0.4559725522994995,0.530092179775238,,1.0,1.0,1.0,1.0,1.0,1.0,1.0,1.0,0.0,1.0,1.0,1.0,1.0,1.0,1.0,,0,0,0,0,0,0.0,0.0,0.0,0.0,0.0,0.0,0.0,0.0,0.0,0.0,,33,13,15,13,11,13.0,6.0,14.0,0.0,9.0,18.0,2.0,18.0,34.0,34.0,,0,0,1,0,0,1.0,0.0,0.0,0.0,0.0,1.0,1.0,1.0,0.0,1.0,,,,,,,,,,,,,,,,,,,,,,,,,
18,2512463257.0_1_delta_threads.xml,0.1889469824976384,0.1863930415974532,0.1991009219417716,0.0956637556380523,0.0275211733994772,0.135367840618316,0.1793623145716892,0.2280480845705382,0.0878866904917031,0.0643861240523991,0.116002075793279,0.0,0.0255596841890693,,,,0.5942013263702393,0.4721481800079345,0.3801808357238769,0.3840489685535431,0.2246754169464111,0.4979506433010101,0.3063336610794067,0.5431076288223267,0.2470394819974899,0.0403428748250007,0.167537122964859,0.0831550732254982,0.2170561701059341,,,,1.0,1.0,1.0,1.0,1.0,1.0,1.0,1.0,1.0,1.0,1.0,1.0,1.0,,,,0,0,0,0,0,0.0,0.0,0.0,0.0,0.0,0.0,0.0,0.0,,,,127,14,27,10,7,12.0,27.0,27.0,11.0,9.0,15.0,6.0,16.0,,,,1,0,0,0,0,0.0,1.0,0.0,0.0,0.0,1.0,0.0,0.0,,,,,,,,,,,,,,,,,,,,,,,,,,,
19,2549309201.0_1_delta_threads.xml,0.5298131951128481,0.0943696931440986,0.1989957090438416,0.2370948097492657,0.2925200981952061,0.2970630332711451,0.3881565314883137,0.4217799659633605,0.4502204568601263,0.3971233894623294,0.4067671484376062,0.2591879278868385,0.4063109647007958,0.2876127637303135,0.2832287944642603,,0.5682951807975769,0.2618188560009002,0.2187686711549759,0.076193518936634,0.4188256859779358,0.5156883597373962,0.3696394264698028,0.4751794934272766,0.5264540314674377,0.5321431756019592,0.4880188703536987,0.5776036977767944,0.6186090707778931,0.6014760732650757,0.660489559173584,,1.0,1.0,1.0,1.0,1.0,1.0,1.0,1.0,1.0,1.0,1.0,1.0,1.0,1.0,1.0,,0,0,0,0,0,0.0,0.0,0.0,0.0,0.0,0.0,0.0,0.0,0.0,0.0,,63,14,12,6,68,157.0,221.0,190.0,178.0,198.0,294.0,24.0,162.0,60.0,102.0,,0,1,0,1,0,2.0,2.0,0.0,1.0,3.0,2.0,2.0,2.0,0.0,0.0,,,,,,,,,,,,,,,,,,,,,,,,,
20,295203779.0_1_delta_threads.xml,0.1228827641627639,0.1641770540236495,0.2061496383644014,0.4294977999165994,0.2686391525484816,0.4230601998541822,0.20061880074356,0.3527659137884402,0.2465934310000129,,,,,,,,0.3535575866699219,0.2145333737134933,0.4588164687156677,0.4863560199737549,0.420455127954483,0.3910450935363769,0.4791373610496521,0.4474700689315796,0.529419481754303,,,,,,,,1.0,1.0,1.0,1.0,1.0,1.0,1.0,1.0,1.0,,,,,,,,0,0,0,0,0,0.0,0.0,0.0,0.0,,,,,,,,6,2,11,24,53,52.0,16.0,59.0,23.0,,,,,,,,1,0,1,0,1,0.0,0.0,0.0,1.0,,,,,,,,,,,,,,,,,,,,,,,,,,,,,,,
21,410977978.0_2_delta_threads.xml,0.2210175612784789,0.2595358271626675,0.1340806530672788,0.1976751205929768,0.0801885039928279,0.2766063206726917,0.3747222333438186,0.5699849418334535,0.0283066104115853,0.3580185120461511,0.1821241602235311,,,,,,0.2913800776004791,0.2043001651763916,0.3211431205272674,-0.0841225460171699,0.1554273068904876,0.379522442817688,0.2838259935379028,0.6131880879402161,0.1935661733150482,0.2623398900032043,0.4342720210552215,,,,,,1.0,1.0,1.0,1.0,1.0,1.0,1.0,0.9116022099447514,1.0,1.0,1.0,,,,,,0,0,0,0,0,0.0,0.0,16.0,0.0,0.0,0.0,,,,,,32,28,22,53,24,54.0,149.0,165.0,6.0,44.0,112.0,,,,,,1,0,1,0,0,0.0,0.0,0.0,1.0,0.0,0.0,,,,,,,,,,,,,,,,,,,,,,,,,,,,,
22,363480636.0_3_delta_threads.xml,0.095007012779474,0.289216244116632,0.2481138201716997,0.4067817599276135,0.3222993535562919,0.3065952563502332,0.2207148199310501,0.1297038466930688,0.315000229707595,0.2592757803866077,0.2329457577916741,0.303101562811249,0.2258545489766545,0.3428404692161504,0.3929625379997321,,0.3495844900608063,0.3951872289180755,0.5236236453056335,0.596088171005249,0.4043183624744415,0.115813709795475,0.4064402878284454,0.3355516493320465,0.4386711120605469,0.3043268620967865,0.4972640573978424,0.2876269519329071,0.0022919252514839,0.3108751475811004,0.3480055630207062,,1.0,1.0,1.0,0.5789473684210527,1.0,1.0,1.0,1.0,1.0,1.0,1.0,0.3428571428571428,1.0,0.8783783783783784,1.0,,0,0,0,48,0,0.0,0.0,0.0,0.0,0.0,0.0,23.0,0.0,9.0,0.0,,15,42,47,66,41,43.0,71.0,40.0,122.0,53.0,56.0,12.0,14.0,65.0,263.0,,2,0,1,0,0,0.0,0.0,1.0,0.0,0.0,2.0,0.0,0.0,1.0,1.0,,,,,,,,,,,,,,,,,,,,,,,,,
23,442068628.0_1_delta_threads.xml,0.4213408132336042,0.4004583025556095,0.4460827372067883,0.5037129450160699,0.4296442263061188,0.3127907412932669,0.0468222656228414,,,,,,,,,,0.6005391478538513,0.3425672054290771,0.5523620247840881,0.4636978507041931,0.5577952265739441,0.3214558660984039,0.0621381103992462,,,,,,,,,,1.0,1.0,1.0,1.0,1.0,1.0,1.0,,,,,,,,,,0,0,0,0,0,0.0,0.0,,,,,,,,,,142,64,146,245,61,42.0,14.0,,,,,,,,,,1,0,1,0,4,1.0,0.0,,,,,,,,,,,,,,,,,,,,,,,,,,,,,,,,,
24,410977978.0_3_delta_threads.xml,0.2210175612784789,0.2595358271626675,0.0147115035971106,0.0447112035532484,0.1753460697497057,0.4813481975322832,,,,,,,,,,,0.2913800776004791,0.2043001651763916,0.0981961786746978,0.1981064528226852,0.1168740838766098,0.2510333657264709,,,,,,,,,,,1.0,1.0,1.0,1.0,1.0,1.0,,,,,,,,,,,0,0,0,0,0,0.0,,,,,,,,,,,32,28,8,14,30,229.0,,,,,,,,,,,1,0,0,0,1,1.0,,,,,,,,,,,,,,,,,,,,,,,,,,,,,,,,,,
25,1075040167.0_2_deltaless_thread.xml,0.1675965556437763,0.2813277238078854,0.3276563826585694,0.1930338828201475,0.2597904678611301,,,,,,,,,,,,0.5325297117233276,0.5212554335594177,0.6025763750076294,0.262960284948349,0.5209901928901672,,,,,,,,,,,,1.0,1.0,0.8888888888888888,1.0,0.8507462686567164,,,,,,,,,,,,0,0,20,0,20,,,,,,,,,,,,38,70,160,69,114,,,,,,,,,,,,2,0,0,1,0,,,,,,,,,,,,,,,,,,,,,,,,,,,,,,,,,,,
26,113567594.0_4_deltaless_thread.xml,0.3821781985451606,0.223943560434379,0.2974504750224196,0.2217261475148144,0.1579561928754786,,,,,,,,,,,,0.6806900501251221,0.3394488096237182,0.5032156705856323,0.5280873775482178,0.280021458864212,,,,,,,,,,,,1.0,1.0,1.0,1.0,1.0,,,,,,,,,,,,0,0,0,0,0,,,,,,,,,,,,206,60,116,78,67,,,,,,,,,,,,1,0,0,0,2,,,,,,,,,,,,,,,,,,,,,,,,,,,,,,,,,,,
27,115882088.0_2_deltaless_thread.xml,0.5145374828909197,0.0807185212978514,0.3545006571034564,0.1111041718826488,0.2770400358439285,,,,,,,,,,,,0.4815640747547149,0.0529114566743373,0.2255682945251464,0.3375673294067383,0.0780145153403282,,,,,,,,,,,,1.0,1.0,1.0,1.0,1.0,,,,,,,,,,,,0,0,0,0,0,,,,,,,,,,,,183,17,132,25,46,,,,,,,,,,,,0,0,0,0,0,,,,,,,,,,,,,,,,,,,,,,,,,,,,,,,,,,,
28,1409948101.0_8_deltaless_thread.xml,0.5287803305890958,0.148502505427207,0.0845980687662099,0.286798940827732,0.1203240631227193,,,,,,,,,,,,0.6367983222007751,0.3565873503684997,0.1806579679250717,0.2432109862565994,0.1403404176235199,,,,,,,,,,,,0.8547486033519553,1.0,1.0,1.0,1.0,,,,,,,,,,,,26,0,0,0,0,,,,,,,,,,,,153,16,18,26,50,,,,,,,,,,,,2,0,0,2,0,,,,,,,,,,,,,,,,,,,,,,,,,,,,,,,,,,,
29,1437482501.0_91_deltaless_thread.xml,0.378414019870348,0.2042838623908029,0.3700748782871652,0.3169303438261268,0.2340099176887462,0.3968114798407031,0.1470721959586824,0.2323358729207536,0.1890075741545327,,,,,,,,0.7979082465171814,0.5930941700935364,0.5858820080757141,0.4617494344711303,0.554934561252594,0.5962889194488525,0.5135034322738647,0.2255466282367706,0.118234246969223,,,,,,,,1.0,0.6078431372549019,1.0,0.7288135593220338,1.0,0.8623853211009175,1.0,1.0,1.0,,,,,,,,0,20,0,16,0,15.0,0.0,0.0,0.0,,,,,,,,99,31,86,43,63,94.0,19.0,10.0,18.0,,,,,,,,2,1,2,3,1,3.0,0.0,0.0,0.0,,,,,,,,,,,,,,,,,,,,,,,,,,,,,,,
30,144404372.0_8_deltaless_thread.xml,0.5827483612755499,0.530382476527507,0.6156089398024644,0.597548988470709,0.2968090598081423,0.4729791767660839,0.2076005288155961,0.0,0.3929057726076164,0.3610242000258383,0.1744015264816344,,,,,,0.4325947761535644,0.3314257562160492,0.5719166994094849,0.4621716141700744,0.3230427503585815,0.4305065870285034,0.3156149983406067,0.0595182999968528,0.3589215576648712,0.2888109982013702,0.2893152236938476,,,,,,0.8429752066115702,0.8909090909090909,0.3235294117647059,0.340122199592668,1.0,0.4634146341463415,1.0,1.0,1.0,1.0,1.0,,,,,,19,6,138,324,0,44.0,0.0,0.0,0.0,0.0,0.0,,,,,,102,49,66,167,44,38.0,14.0,1.0,28.0,42.0,10.0,,,,,,1,2,0,0,3,0.0,0.0,1.0,0.0,0.0,0.0,,,,,,,,,,,,,,,,,,,,,,,,,,,,,
31,154839924.0_3_deltaless_thread.xml,0.3931695485628134,0.15990106657737,0.2109438843153888,0.228632828428752,0.2520050622130781,0.1362780691684745,0.2363710011703091,0.2971137084016964,0.2585731343322688,0.0464019612432057,0.141809507215117,0.2703122520421118,,,,,0.5363432765007019,0.2427690625190735,0.5044472813606262,0.4029421806335449,0.4750161468982696,0.3086956739425659,0.1945079118013382,0.1854810118675232,0.0902933478355407,0.1314852386713028,0.3766034543514251,0.4624414145946502,,,,,1.0,1.0,1.0,1.0,1.0,1.0,1.0,1.0,1.0,1.0,1.0,1.0,,,,,0,0,0,0,0,0.0,0.0,0.0,0.0,0.0,0.0,0.0,,,,,223,13,40,26,47,19.0,42.0,31.0,23.0,6.0,16.0,44.0,,,,,0,1,0,0,1,1.0,0.0,2.0,0.0,1.0,0.0,0.0,,,,,,,,,,,,,,,,,,,,,,,,,,,,
32,1719432989.0_1_deltaless_thread.xml,0.1981053608318804,0.161799522302929,0.0969579228626019,0.0912529372056825,0.2086147170631788,0.1444345501988764,0.1191451074950454,0.1496228779530916,0.2246318235622797,,,,,,,,0.3087184727191925,0.3859307467937469,0.2960672080516815,0.0280992668122053,0.3968726694583893,0.3096668124198913,0.6899310350418091,0.2147449553012848,0.4525384306907654,,,,,,,,1.0,1.0,1.0,1.0,1.0,1.0,1.0,1.0,1.0,,,,,,,,0,0,0,0,0,0.0,0.0,0.0,0.0,,,,,,,,5,7,14,5,22,27.0,26.0,11.0,37.0,,,,,,,,1,1,0,0,0,0.0,0.0,0.0,1.0,,,,,,,,,,,,,,,,,,,,,,,,,,,,,,,
33,181959121.0_5_deltaless_thread.xml,0.4005774738668731,0.4381147914512313,0.3980799258420271,0.0624510202932178,0.1070246683075892,0.0671941771935403,0.2964915257263288,0.0702858852422782,0.3228514242888227,0.3757060082927975,0.0511816367909371,0.0948014575971625,0.2190380884718263,0.2790549167838014,0.2654309841849477,0.3905235741879752,0.5798967480659485,0.3881471157073974,0.425422728061676,0.1906952410936355,0.129515916109085,0.1928251534700393,0.1856380105018615,0.038789976388216,0.0387301668524742,-0.0091654658317565,0.0808155685663223,0.1236287504434585,0.0969196185469627,0.4918863177299499,0.5663724541664124,0.600565493106842,1.0,1.0,0.782051282051282,1.0,1.0,1.0,0.4042553191489361,1.0,1.0,1.0,0.0,1.0,1.0,1.0,0.5882352941176471,1.0,0,0,17,0,0,0.0,28.0,0.0,0.0,0.0,9.0,0.0,0.0,0.0,14.0,0.0,137,43,61,10,22,19.0,19.0,30.0,84.0,87.0,0.0,14.0,17.0,33.0,20.0,81.0,0,0,0,0,0,0.0,1.0,0.0,2.0,0.0,0.0,0.0,1.0,0.0,0.0,0.0,,,,,,,,,,,,,,,,,,,,,,,,
34,1821161756.0_9_deltaless_thread.xml,0.4335793366355924,0.2976017764527361,0.0510897243543191,0.1414495950534136,0.1447929148548909,0.1154947494425652,0.1567333948425148,,,,,,,,,,0.5405258536338806,0.4384108483791351,0.367147833108902,0.238339826464653,0.3059432506561279,0.0884497761726379,0.4853972792625427,,,,,,,,,,0.75,1.0,1.0,1.0,1.0,1.0,1.0,,,,,,,,,,42,0,0,0,0,0.0,0.0,,,,,,,,,,126,83,28,31,53,9.0,35.0,,,,,,,,,,6,1,2,0,0,0.0,0.0,,,,,,,,,,,,,,,,,,,,,,,,,,,,,,,,,
35,1865427692.0_13_deltaless_thread.xml,0.2188375906655852,0.2915711996740449,0.2601531337247916,0.3521701048574959,0.113154203319666,,,,,,,,,,,,0.5186880826950073,0.4496743381023407,0.4496619999408722,0.6313665509223938,0.415178894996643,,,,,,,,,,,,1.0,1.0,1.0,1.0,1.0,,,,,,,,,,,,0,0,0,0,0,,,,,,,,,,,,19,38,26,112,40,,,,,,,,,,,,0,0,0,1,1,,,,,,,,,,,,,,,,,,,,,,,,,,,,,,,,,,,
36,1865427692.0_24_deltaless_thread.xml,0.2430872632958442,0.3521701048574959,0.3442449601196115,0.1357983405670227,0.2878136787999459,0.2529977137165616,0.3232125068512195,0.4827341194790551,,,,,,,,,0.5721169114112854,0.6313665509223938,0.4941081702709198,0.1317598074674606,0.4169763326644897,0.2620263993740082,0.5190756320953369,0.4332642257213592,,,,,,,,,1.0,1.0,1.0,1.0,1.0,1.0,1.0,0.840625,,,,,,,,,0,0,0,0,0,0.0,0.0,51.0,,,,,,,,,28,112,71,39,105,39.0,111.0,269.0,,,,,,,,,0,1,0,1,0,0.0,0.0,1.0,,,,,,,,,,,,,,,,,,,,,,,,,,,,,,,,
37,217468142.0_3_deltaless_thread.xml,0.284282725854402,0.2586864221819164,0.2368641766905236,0.1393652109906829,0.1361459848689449,0.2366284130460627,0.1405377889291831,0.0556614984759482,0.1988391041800342,0.0446650874530757,0.2913678278596023,,,,,,0.5139103531837463,0.5817382335662842,0.6303104758262634,0.372642457485199,0.5808200240135193,0.2793706059455871,0.3733794689178467,0.4204813838005066,0.4399649202823639,0.3753296136856079,0.5136260986328125,,,,,,1.0,1.0,0.4444444444444444,1.0,1.0,1.0,1.0,1.0,1.0,1.0,1.0,,,,,,0,0,30,0,0,0.0,0.0,0.0,0.0,0.0,0.0,,,,,,78,50,24,31,18,65.0,28.0,7.0,36.0,6.0,13.0,,,,,,1,0,1,0,0,0.0,0.0,0.0,0.0,1.0,0.0,,,,,,,,,,,,,,,,,,,,,,,,,,,,,
38,2076541612.0_3_deltaless_thread.xml,0.5416269001759034,0.3156213734474201,0.3099330566339878,0.3055166947237503,0.2062464806252676,0.1026300706791399,0.2196719678386588,0.2187262020041972,0.1933278124893054,0.2112439272854531,0.1923815705923691,0.3725449275657013,0.4098323548415267,0.3224001324705688,,,0.8024392127990723,0.3930109441280365,0.3350466787815094,0.3230754733085632,0.2381770610809326,0.4145316481590271,0.4670289754867553,0.2355775535106659,0.3936040699481964,0.4473874568939209,0.6143240332603455,0.6789008975028992,0.6374550461769104,0.463467001914978,,,0.6518518518518519,0.3709677419354839,1.0,1.0,1.0,1.0,1.0,1.0,1.0,1.0,1.0,1.0,0.3720930232558139,1.0,,,47,39,0,0,0,0.0,0.0,0.0,0.0,0.0,0.0,0.0,54.0,0.0,,,88,23,98,59,46,10.0,35.0,29.0,18.0,79.0,52.0,107.0,32.0,106.0,,,1,2,1,0,0,1.0,0.0,0.0,0.0,2.0,0.0,0.0,3.0,0.0,,,,,,,,,,,,,,,,,,,,,,,,,,
39,220698466.0_2_deltaless_thread.xml,0.4840168400993081,0.5230441544136507,0.5606837804062578,0.5354268354183815,0.5018266567529205,0.3634718187277752,0.2304383326166275,0.4380120822322024,,,,,,,,,0.5225692391395569,0.6800777912139893,0.6518009305000305,0.669824481010437,0.6461760997772217,0.5825480222702026,0.2473716288805008,0.553749680519104,,,,,,,,,1.0,0.819672131147541,1.0,0.8811881188118812,1.0,1.0,1.0,0.8319327731092437,,,,,,,,,0,33,0,24,0,0.0,0.0,20.0,,,,,,,,,104,150,270,178,149,45.0,34.0,99.0,,,,,,,,,0,1,4,0,1,0.0,0.0,0.0,,,,,,,,,,,,,,,,,,,,,,,,,,,,,,,,
40,2242239967.0_10_deltaless_thread.xml,0.3255636041429945,0.3752214993418249,0.3975631438054134,0.510533579477961,0.3771456209599007,,,,,,,,,,,,0.5860461592674255,0.7207044959068298,0.7069389820098877,0.7233797311782837,0.6282647252082825,,,,,,,,,,,,1.0,1.0,0.7467532467532467,0.8721804511278195,0.9049773755656108,,,,,,,,,,,,0,0,39,17,21,,,,,,,,,,,,181,121,115,116,200,,,,,,,,,,,,3,0,1,0,2,,,,,,,,,,,,,,,,,,,,,,,,,,,,,,,,,,,
41,2366753957.0_2_deltaless_thread.xml,0.2535982874895436,0.1134990135619331,0.1275846654551661,0.1063775571699683,0.1216418088460657,0.1030492527866181,0.1183718348155024,0.2847210540830619,0.1591370288817977,0.2003153872771546,,,,,,,0.5332551002502441,0.1469650566577911,0.4132365584373474,0.4355270266532898,0.4097105264663696,0.4730979800224304,0.3327675759792328,0.6061069965362549,0.5072146654129028,0.5091142654418945,,,,,,,1.0,1.0,1.0,1.0,1.0,1.0,1.0,1.0,1.0,1.0,,,,,,,0,0,0,0,0,0.0,0.0,0.0,0.0,0.0,,,,,,,25,15,19,3,5,22.0,12.0,76.0,17.0,40.0,,,,,,,0,0,1,0,1,0.0,1.0,1.0,0.0,0.0,,,,,,,,,,,,,,,,,,,,,,,,,,,,,,
42,2547064804.0_7_deltaless_thread.xml,0.0364323526962279,0.2754153186992696,0.1663852335655707,0.3133450714416766,0.1127282637785228,0.3549855232708141,,,,,,,,,,,0.3622108697891235,0.3122398555278778,0.4276119768619537,0.3615227937698364,0.4101071953773498,0.4873052537441253,,,,,,,,,,,1.0,1.0,1.0,1.0,1.0,1.0,,,,,,,,,,,0,0,0,0,0,0.0,,,,,,,,,,,13,61,22,111,14,84.0,,,,,,,,,,,2,0,0,0,2,0.0,,,,,,,,,,,,,,,,,,,,,,,,,,,,,,,,,,
43,2366753957.0_3_deltaless_thread.xml,0.3112675675933679,0.1042265134040353,0.1453499282868526,0.1570333063812917,0.0,0.0314695135119218,0.1982905692246521,0.0597486054722199,0.0771512850812675,,,,,,,,0.6276119947433472,0.4987306892871856,0.4781491458415985,0.0126828514039516,0.1070435717701911,0.415475070476532,0.5558101534843445,0.2063415050506591,0.4429308176040649,,,,,,,,1.0,1.0,1.0,1.0,1.0,1.0,1.0,1.0,1.0,,,,,,,,0,0,0,0,0,0.0,0.0,0.0,0.0,,,,,,,,42,12,10,17,1,3.0,57.0,7.0,15.0,,,,,,,,0,1,1,1,0,0.0,1.0,0.0,0.0,,,,,,,,,,,,,,,,,,,,,,,,,,,,,,,
44,2676326580.0_26_deltaless_thread.xml,0.3460597173095314,0.4368284518943984,0.1609236247162002,0.1557727681099304,0.1136058847775084,0.1302162223210108,0.647838811124994,,,,,,,,,,0.5254956483840942,0.7852832078933716,0.0971804037690162,0.2505526542663574,-0.0977114215493202,0.0258106421679258,0.4091289639472961,,,,,,,,,,1.0,1.0,1.0,1.0,1.0,1.0,1.0,,,,,,,,,,0,0,0,0,0,0.0,0.0,,,,,,,,,,183,124,29,31,5,10.0,422.0,,,,,,,,,,2,4,0,0,0,1.0,1.0,,,,,,,,,,,,,,,,,,,,,,,,,,,,,,,,,
45,401821196.0_2_deltaless_thread.xml,0.4053951378611916,0.1792198267335853,0.4224694502386855,0.4017449048235142,0.2682152734841436,,,,,,,,,,,,0.8096057176589966,0.2013545781373977,0.6107508540153503,0.5347546935081482,0.4611276984214782,,,,,,,,,,,,1.0,1.0,1.0,1.0,1.0,,,,,,,,,,,,0,0,0,0,0,,,,,,,,,,,,72,18,43,47,28,,,,,,,,,,,,0,0,1,0,0,,,,,,,,,,,,,,,,,,,,,,,,,,,,,,,,,,,
46,363480636.0_5_deltaless_thread.xml,0.5764053021271205,0.553024152609685,0.4628419814389232,0.4908031696590711,0.4350888990427369,0.4607676280973559,,,,,,,,,,,0.7213894128799438,0.5787697434425354,0.4529150128364563,0.4998843669891357,0.4179927110671997,0.3223463296890259,,,,,,,,,,,0.9177215189873418,0.238341968911917,0.7444444444444445,0.4,0.5609756097560976,0.5,,,,,,,,,,,13,147,46,135,90,116.0,,,,,,,,,,,145,46,134,90,115,116.0,,,,,,,,,,,0,0,1,0,1,0.0,,,,,,,,,,,,,,,,,,,,,,,,,,,,,,,,,,
47,410977978.0_3_deltaless_thread.xml,0.4610331073275122,0.3443356754175496,0.3641133365902492,0.2511948294541449,0.2938289630963044,0.3326260017265536,0.1899226074685032,,,,,,,,,,0.6317366361618042,0.2649191915988922,0.2231614291667938,0.2892098724842071,0.1418290436267852,0.1865014433860778,0.1650931686162948,,,,,,,,,,0.8425925925925926,0.6444444444444445,1.0,1.0,0.4137931034482758,1.0,0.2142857142857142,,,,,,,,,,17,16,0,0,17,0.0,22.0,,,,,,,,,,91,29,25,23,12,59.0,6.0,,,,,,,,,,0,0,0,1,0,0.0,0.0,,,,,,,,,,,,,,,,,,,,,,,,,,,,,,,,,
48,410977978.0_4_deltaless_thread.xml,0.4910183011741506,0.0709907182667669,0.1012226061619064,0.1942494670965567,0.261369303935785,,,,,,,,,,,,0.2796676456928253,0.2852325737476349,0.2925058603286743,0.1005062311887741,0.1221454516053199,,,,,,,,,,,,1.0,1.0,1.0,1.0,1.0,,,,,,,,,,,,0,0,0,0,0,,,,,,,,,,,,129,13,20,23,73,,,,,,,,,,,,1,1,1,0,0,,,,,,,,,,,,,,,,,,,,,,,,,,,,,,,,,,,
49,442068628.0_4_deltaless_thread.xml,0.3348852087515081,0.228658571023326,0.2599160845623886,0.3585944991559794,0.2707721700798117,0.1410977243676501,0.2779718429300681,0.2055777337664089,,,,,,,,,0.3731128275394439,0.3409557342529297,0.3827998638153076,0.5525298118591309,0.5087104439735413,0.2330354750156402,0.3667678236961365,0.2496828883886337,,,,,,,,,1.0,1.0,1.0,1.0,1.0,1.0,1.0,1.0,,,,,,,,,0,0,0,0,0,0.0,0.0,0.0,,,,,,,,,81,37,85,84,60,17.0,41.0,41.0,,,,,,,,,0,2,1,0,4,0.0,0.0,0.0,,,,,,,,,,,,,,,,,,,,,,,,,,,,,,,,
50,1062071645.0_1_delta_threads.xml,0.5240169222404826,0.1477232613546536,0.0785990609428804,0.073049879720477,0.2531226292001122,0.1977888491356333,0.1245762265591534,,,,,,,,,,0.7257777452468872,0.3373858630657196,0.3975214958190918,0.1271841526031494,0.163859874010086,0.3446880877017975,0.2236799001693725,,,,,,,,,,0.4736842105263157,1.0,1.0,1.0,1.0,1.0,1.0,,,,,,,,,,30,0,0,0,0,0.0,0.0,,,,,,,,,,27,4,14,3,48,17.0,47.0,,,,,,,,,,1,0,0,0,1,0.0,2.0,,,,,,,,,,,,,,,,,,,,,,,,,,,,,,,,,
51,1075040167.0_1_delta_threads.xml,0.2084008327473246,0.1691991574304006,0.1637503640907702,0.0938807609630143,0.305082630021894,0.1370401075859473,0.2310378690585846,0.1838567688781152,,,,,,,,,0.618798017501831,0.4952253401279449,0.5825216770172119,0.3875675499439239,0.1461534202098846,0.2247284054756164,0.3497452139854431,0.3811852931976318,,,,,,,,,1.0,1.0,1.0,1.0,1.0,1.0,1.0,1.0,,,,,,,,,0,0,0,0,0,0.0,0.0,0.0,,,,,,,,,41,30,29,55,45,78.0,92.0,126.0,,,,,,,,,0,0,0,0,0,0.0,1.0,0.0,,,,,,,,,,,,,,,,,,,,,,,,,,,,,,,,
52,115882088.0_1_delta_threads.xml,0.5798360853811053,0.4095631762642301,0.2646660412987749,0.3605867595333994,0.3405345327554777,0.2775330880621338,0.0,0.1693804323734612,0.4147583098368499,,,,,,,,0.5493095517158508,0.5862892866134644,0.3874285519123077,0.462040513753891,0.4959193766117096,0.5523407459259033,-0.084853284060955,0.1213216036558151,0.3991957306861877,,,,,,,,0.3095238095238095,1.0,1.0,1.0,1.0,1.0,1.0,1.0,1.0,,,,,,,,58,0,0,0,0,0.0,0.0,0.0,0.0,,,,,,,,26,88,32,74,74,71.0,1.0,32.0,194.0,,,,,,,,1,0,0,2,0,0.0,1.0,0.0,0.0,,,,,,,,,,,,,,,,,,,,,,,,,,,,,,,
53,1102614149.0_2_delta_threads.xml,0.4985705351543882,0.0800271695282883,0.1512075088562932,0.4051778103148586,0.4380350723231103,0.0935205494324581,0.3494476384930066,0.0391598493417241,0.3754698527977322,0.4064924057585145,0.537623247263242,0.3526246435957892,0.156273113457052,0.0927486351612005,0.3097469396968242,0.2493007184206895,0.7559893131256104,0.5658101439476013,0.4646820724010467,0.7296562790870667,0.6783603429794312,0.4683030545711517,0.6739247441291809,0.2129680067300796,0.5120260119438171,0.4693114161491394,0.6287864446640015,0.5192451477050781,0.6532108187675476,0.3131305873394012,0.5443286299705505,0.4447003901004791,1.0,1.0,1.0,1.0,1.0,1.0,0.3559322033898305,1.0,1.0,1.0,1.0,1.0,1.0,1.0,1.0,1.0,0,0,0,0,0,0.0,38.0,0.0,0.0,0.0,0.0,0.0,0.0,0.0,0.0,0.0,125,21,32,17,57,9.0,21.0,10.0,49.0,10.0,44.0,22.0,16.0,6.0,27.0,14.0,0,1,0,0,0,1.0,0.0,0.0,1.0,0.0,1.0,1.0,0.0,1.0,0.0,0.0,0.4921244562145561,,,,0.4855343997478485,,,,1.0,,,,0.0,,,,111.0,,,,0.0,,,
54,134214340.0_1_delta_threads.xml,0.4086443422122444,0.5383608868824566,0.5507810828539657,0.610067910513857,0.5213687783357789,0.6224921229455421,0.5119119713142459,0.6642957918503807,0.5531899117842085,,,,,,,,0.731130063533783,0.6712950468063354,0.735416829586029,0.6296825408935547,0.6131552457809448,0.653220534324646,0.7254326343536377,0.7146884799003601,0.7234086394309998,,,,,,,,1.0,1.0,0.7922077922077922,0.8602150537634409,0.8340807174887892,0.722397476340694,0.8174097664543525,0.9741379310344828,0.8914549653579676,,,,,,,,0,0,32,52,37,176.0,86.0,12.0,47.0,,,,,,,,136,106,122,320,186,458.0,385.0,452.0,386.0,,,,,,,,0,0,0,0,0,0.0,7.0,0.0,0.0,,,,,,,,,,,,,,,,,,,,,,,,,,,,,,,
55,144404372.0_3_delta_threads.xml,0.6380598881218813,0.3985596071218102,0.3967091368297572,0.0433157318292673,0.2936840774201473,0.3873469342162969,0.2454569826778672,0.176708747735705,,,,,,,,,0.5909804105758667,0.1876423060894012,0.3020239472389221,0.2064569294452667,0.1716714948415756,0.2912684082984924,0.4106789231300354,0.10939871519804,,,,,,,,,1.0,1.0,1.0,1.0,1.0,1.0,1.0,1.0,,,,,,,,,0,0,0,0,0,0.0,0.0,0.0,,,,,,,,,139,59,65,21,38,51.0,34.0,27.0,,,,,,,,,1,0,0,0,1,0.0,1.0,0.0,,,,,,,,,,,,,,,,,,,,,,,,,,,,,,,,
56,154839924.0_3_delta_threads.xml,0.4587928931943571,0.165031874446193,0.1293516348142926,0.1584425578740774,0.4050906869989919,0.2350601625728045,0.0443667887386409,,,,,,,,,,0.5128397345542908,0.2213909178972244,-0.0437883175909519,0.0973407998681068,0.1884194016456604,0.0421968549489975,-0.080670952796936,,,,,,,,,,1.0,0.3214285714285714,1.0,1.0,1.0,1.0,1.0,,,,,,,,,,0,19,0,0,0,0.0,0.0,,,,,,,,,,576,9,27,34,386,93.0,22.0,,,,,,,,,,1,2,0,1,0,1.0,0.0,,,,,,,,,,,,,,,,,,,,,,,,,,,,,,,,,
57,160170780.0_1_delta_threads.xml,0.4912046866825552,0.2921902384432158,0.1558659028604395,0.1856401531648233,0.2879909177026927,0.5284630110221809,0.3274725675807808,,,,,,,,,,0.5674316883087158,0.363241970539093,0.2079317569732666,0.3722190856933594,0.5371688604354858,0.7105740308761597,0.3536912202835083,,,,,,,,,,1.0,1.0,1.0,1.0,1.0,1.0,1.0,,,,,,,,,,0,0,0,0,0,0.0,0.0,,,,,,,,,,291,42,37,13,50,346.0,79.0,,,,,,,,,,1,0,1,0,0,5.0,0.0,,,,,,,,,,,,,,,,,,,,,,,,,,,,,,,,,
58,181959121.0_2_delta_threads.xml,0.4555233203765313,0.3114322765835499,0.1104780107314606,0.4376576359714372,0.2544507045515374,0.5629686471365868,0.3188145159824923,0.3395008960707582,,,,,,,,,0.7337107062339783,0.6083150506019592,0.20728799700737,0.4628717601299286,0.4793022871017456,0.5280962586402893,0.3955774009227752,0.7204515337944031,,,,,,,,,1.0,1.0,1.0,1.0,1.0,1.0,1.0,1.0,,,,,,,,,0,0,0,0,0,0.0,0.0,0.0,,,,,,,,,124,27,7,60,44,149.0,54.0,132.0,,,,,,,,,1,0,1,0,0,1.0,0.0,0.0,,,,,,,,,,,,,,,,,,,,,,,,,,,,,,,,
59,1865427692.0_1_delta_threads.xml,0.0643176425905685,0.1413939156502896,0.4174796253663066,0.4022392499882887,0.129887921363073,0.2565215766929091,0.1976406253744263,,,,,,,,,,0.1894335597753524,0.3989049196243286,0.5977627635002136,0.5925288796424866,0.1868358999490738,0.6576376557350159,0.6278055906295776,,,,,,,,,,1.0,1.0,1.0,1.0,1.0,1.0,1.0,,,,,,,,,,0,0,0,0,0,0.0,0.0,,,,,,,,,,7,25,172,73,11,77.0,28.0,,,,,,,,,,1,0,0,2,0,1.0,0.0,,,,,,,,,,,,,,,,,,,,,,,,,,,,,,,,,
60,1865427692.0_2_delta_threads.xml,0.4945435130314798,0.5801714629125391,0.4697612147386768,0.4300087984770847,0.4060445335343631,0.2489354878871408,0.3842549119566633,0.2561850230576868,0.4679829984860271,,,,,,,,0.6680424809455872,0.4642077684402466,0.4651218056678772,0.4438028335571289,0.6490040421485901,0.6801634430885315,0.6244581341743469,0.4966963231563568,0.6449161171913147,,,,,,,,0.946078431372549,0.8595505617977528,1.0,1.0,1.0,1.0,1.0,1.0,0.6639344262295082,,,,,,,,11,25,0,0,0,0.0,0.0,0.0,41.0,,,,,,,,193,153,243,136,89,47.0,115.0,29.0,81.0,,,,,,,,0,2,0,0,0,0.0,0.0,1.0,0.0,,,,,,,,,,,,,,,,,,,,,,,,,,,,,,,
61,2076541612.0_1_delta_threads.xml,0.22586995185439,0.2085172735036606,0.0099832235142793,0.1002023978261264,0.1402643426747181,0.1457300248551028,0.2184271190313968,,,,,,,,,,0.5662665367126465,0.4910832345485687,0.2581599056720733,0.1530067920684814,0.3711736500263214,0.0957549810409545,0.2658368051052093,,,,,,,,,,1.0,0.5,1.0,1.0,1.0,1.0,0.944954128440367,,,,,,,,,,0,22,0,0,0,0.0,6.0,,,,,,,,,,37,22,13,16,51,36.0,103.0,,,,,,,,,,0,0,0,1,0,4.0,0.0,,,,,,,,,,,,,,,,,,,,,,,,,,,,,,,,,
62,2076541612.0_3_delta_threads.xml,0.4022701773270951,0.3177339350131309,0.3930809132895448,0.2355512315552105,0.2077876949010334,0.2942626989245858,0.2782536416585108,0.1267308352881276,0.3192286980507053,0.2297971795228584,0.2808713969217284,,,,,,0.527763307094574,0.520375669002533,0.6027156114578247,0.3523306846618652,0.240207552909851,0.4283622503280639,0.6278544068336487,0.0509383790194988,0.4600734114646911,0.6306589841842651,0.447317510843277,,,,,,1.0,1.0,1.0,1.0,1.0,1.0,1.0,1.0,1.0,1.0,1.0,,,,,,0,0,0,0,0,0.0,0.0,0.0,0.0,0.0,0.0,,,,,,91,75,159,45,52,88.0,81.0,17.0,126.0,43.0,44.0,,,,,,0,2,0,3,0,0.0,0.0,1.0,0.0,0.0,1.0,,,,,,,,,,,,,,,,,,,,,,,,,,,,,
63,2242239967.0_1_delta_threads.xml,0.1928107306612223,0.0842327002997136,0.341018659339354,0.0901379420139926,0.1470909397430021,0.028443273425496,0.1164386562872718,0.3254842062315591,0.2762647902801825,,,,,,,,0.5231665968894958,0.133689284324646,0.4181787669658661,0.1209213733673095,0.3936166167259216,0.0597453899681568,0.3449674546718597,0.6207519173622131,0.4321138858795166,,,,,,,,1.0,1.0,1.0,1.0,1.0,1.0,1.0,1.0,1.0,,,,,,,,0,0,0,0,0,0.0,0.0,0.0,0.0,,,,,,,,48,13,15,22,26,13.0,17.0,30.0,49.0,,,,,,,,0,0,1,0,2,0.0,1.0,0.0,2.0,,,,,,,,,,,,,,,,,,,,,,,,,,,,,,,
64,223614694.0_2_delta_threads.xml,0.6023317243694529,0.357542908114678,0.5169208440151788,0.3784492313976479,0.4375194050164397,0.1358229006034919,0.439398381394148,,,,,,,,,,0.716483473777771,0.4652619659900665,0.5847254395484924,0.517981767654419,0.6880982518196106,0.3710560798645019,0.5936743021011353,,,,,,,,,,1.0,1.0,0.4610591900311526,1.0,1.0,1.0,1.0,,,,,,,,,,0,0,173,0,0,0.0,0.0,,,,,,,,,,271,36,148,63,81,34.0,114.0,,,,,,,,,,0,2,0,4,0,0.0,0.0,,,,,,,,,,,,,,,,,,,,,,,,,,,,,,,,,
65,2366753957.0_3_delta_threads.xml,0.5843268414206824,0.1807278645276232,0.1218998943066939,0.0803516692630469,0.1978771724896043,0.1623669644230899,0.1907741460816631,,,,,,,,,,0.8143320679664612,0.5496662855148315,0.0825755819678306,0.3605807721614837,0.2127574831247329,0.4497554898262024,0.6143054366111755,,,,,,,,,,1.0,1.0,1.0,1.0,1.0,1.0,1.0,,,,,,,,,,0,0,0,0,0,0.0,0.0,,,,,,,,,,132,30,38,6,53,20.0,38.0,,,,,,,,,,4,1,2,0,0,1.0,0.0,,,,,,,,,,,,,,,,,,,,,,,,,,,,,,,,,
66,2366753957.0_7_delta_threads.xml,0.2022384346503503,0.1278088415230413,0.2280872660529318,0.269408660598065,0.2952860566404995,0.2458139780026026,0.065297386419179,0.0473459832656336,0.0760781175046578,,,,,,,,0.345223605632782,0.1558943390846252,0.15777388215065,0.2469524145126342,0.5320714712142944,0.4926392734050751,0.0509138107299804,-0.0416443534195423,0.3803926706314087,,,,,,,,1.0,1.0,1.0,1.0,1.0,1.0,1.0,1.0,1.0,,,,,,,,0,0,0,0,0,0.0,0.0,0.0,0.0,,,,,,,,78,14,31,41,43,54.0,11.0,3.0,26.0,,,,,,,,1,1,4,2,1,0.0,1.0,0.0,1.0,,,,,,,,,,,,,,,,,,,,,,,,,,,,,,,
67,2547064804.0_2_delta_threads.xml,0.0867064616122069,0.16751815779605,0.1297332392820571,0.285483174489955,0.2056435211736913,0.2301675048157177,0.2293125897318391,0.1408903764729539,0.167537227127061,0.3872864153180853,0.2806623903378247,0.3446893683767219,0.1270102945366413,0.1545445234595019,0.207672671704498,,0.4827552139759063,0.4033417403697967,0.5758252143859863,0.5698626041412354,0.4571627080440521,0.4925272166728973,0.4772459268569946,0.4221212863922119,0.5383729934692383,0.3785138130187988,0.5132602453231812,0.3806168138980865,0.4784716069698334,0.0646929070353508,0.4034352302551269,,1.0,1.0,1.0,1.0,1.0,1.0,1.0,1.0,1.0,1.0,1.0,1.0,1.0,1.0,1.0,,0,0,0,0,0,0.0,0.0,0.0,0.0,0.0,0.0,0.0,0.0,0.0,0.0,,21,18,44,92,43,26.0,83.0,43.0,110.0,92.0,142.0,98.0,33.0,16.0,74.0,,2,0,0,0,1,0.0,2.0,0.0,2.0,0.0,0.0,0.0,0.0,0.0,0.0,,,,,,,,,,,,,,,,,,,,,,,,,
68,2547064804.0_1_delta_threads.xml,0.2741879500645648,0.290961273751286,0.3231627115866821,0.1885623153673409,0.3053521301065913,0.1958883849823068,0.2253309339530555,0.3191428629355596,0.2778451930426804,,,,,,,,0.6180194020271301,0.6350864768028259,0.6736482381820679,0.5005680322647095,0.52414870262146,0.4081137776374817,0.4594029486179352,0.3426590859889984,0.1906038224697113,,,,,,,,1.0,1.0,1.0,1.0,1.0,1.0,1.0,1.0,1.0,,,,,,,,0,0,0,0,0,0.0,0.0,0.0,0.0,,,,,,,,80,68,114,47,129,64.0,70.0,75.0,112.0,,,,,,,,0,0,0,0,3,0.0,0.0,0.0,1.0,,,,,,,,,,,,,,,,,,,,,,,,,,,,,,,
69,2676326580.0_1_delta_threads.xml,0.4938093701936746,0.3423211248028309,0.3139628594305583,0.4311008995591531,0.2957170723366101,0.5369880061527056,,,,,,,,,,,0.5660676956176758,0.5938727855682373,0.0888614654541015,0.5948501229286194,0.632821798324585,0.7211682200431824,,,,,,,,,,,1.0,1.0,1.0,1.0,1.0,1.0,,,,,,,,,,,0,0,0,0,0,0.0,,,,,,,,,,,213,56,13,160,95,186.0,,,,,,,,,,,0,1,0,0,2,1.0,,,,,,,,,,,,,,,,,,,,,,,,,,,,,,,,,,
70,258580368.0_1_delta_threads.xml,0.4315764691970815,0.4929725653138038,0.3669470632583639,0.3673419156571031,0.362988017452722,0.4714225131095806,0.2591679836609685,0.0984002491286422,,,,,,,,,0.5696408152580261,0.6495329737663269,0.6056371927261353,0.6726402640342712,0.5895034670829773,0.6998060345649719,0.5697792172431946,0.1938311755657196,,,,,,,,,1.0,1.0,0.903846153846154,1.0,1.0,1.0,1.0,1.0,,,,,,,,,0,0,15,0,0,0.0,0.0,0.0,,,,,,,,,495,243,141,158,367,407.0,74.0,13.0,,,,,,,,,0,0,0,1,3,0.0,1.0,1.0,,,,,,,,,,,,,,,,,,,,,,,,,,,,,,,,
71,363480636.0_2_delta_threads.xml,0.1482001245689015,0.0,0.1588113887277397,0.1738921775451679,0.1379970001040489,0.1108774293155105,0.1052444151742558,0.2083477989746725,0.1062952286542167,0.1029334376140468,0.463714032283127,,,,,,0.5019316673278809,0.0225492939352989,0.3188061118125915,0.1993310898542404,0.4201604425907135,0.3786602616310119,0.2768919467926025,0.4184465110301971,0.6195624470710754,0.4242516756057739,0.4781824648380279,,,,,,1.0,1.0,1.0,1.0,1.0,1.0,1.0,1.0,1.0,0.2941176470588235,0.7857142857142857,,,,,,0,0,0,0,0,0.0,0.0,0.0,0.0,12.0,33.0,,,,,,13,1,7,15,10,16.0,19.0,16.0,28.0,5.0,121.0,,,,,,1,0,1,0,1,0.0,1.0,1.0,0.0,0.0,0.0,,,,,,,,,,,,,,,,,,,,,,,,,,,,,
72,363480636.0_1_delta_threads.xml,0.5502428397155494,0.5747422920607961,0.2485870653124726,0.2599485535803661,0.1815372117728589,0.0402914630987007,0.4597043488921046,,,,,,,,,,0.6727918386459351,0.6834530830383301,0.2196342647075653,0.0742255672812461,0.1874579489231109,0.1610063016414642,0.3008904159069061,,,,,,,,,,1.0,0.3618233618233618,1.0,1.0,1.0,1.0,1.0,,,,,,,,,,0,224,0,0,0,0.0,0.0,,,,,,,,,,223,127,42,43,55,10.0,194.0,,,,,,,,,,1,0,1,1,1,1.0,1.0,,,,,,,,,,,,,,,,,,,,,,,,,,,,,,,,,
73,401821196.0_3_delta_threads.xml,0.5616748119628571,0.6469044996579751,0.665748243040044,0.6202907936130534,0.6255828164103022,0.5885641705223453,0.5525904043551092,0.5288081872161963,0.4443346093908605,0.1970274093205925,0.4995746838785749,0.4895547894942261,0.5060747202174438,0.4424686811631372,0.2626259806063566,0.4169974351590629,0.7503662705421448,0.5527748465538025,0.6175332069396973,0.6275420188903809,0.6708881855010986,0.7825849056243896,0.5233420133590698,0.5313012599945068,0.7443025708198547,0.4787933528423309,0.749392032623291,0.786145031452179,0.6247771382331848,0.4622913002967834,0.3325791656970978,0.3218039572238922,1.0,0.8476190476190476,0.4039735099337748,0.6474820143884892,0.5072463768115942,0.6490066225165563,0.4453781512605042,0.5544554455445545,0.3118811881188119,0.4210526315789473,1.0,0.7088607594936709,1.0,1.0,1.0,1.0,0,48,270,98,170,159.0,264.0,180.0,139.0,11.0,0.0,46.0,0.0,0.0,0.0,0.0,153,267,183,180,175,294.0,212.0,224.0,63.0,8.0,155.0,112.0,116.0,70.0,12.0,78.0,2,0,3,2,4,3.0,3.0,6.0,2.0,1.0,2.0,0.0,0.0,0.0,1.0,0.0,0.3693026036150735,,,,0.3218991458415985,,,,1.0,,,,0.0,,,,36.0,,,,0.0,,,
74,444945722.0_1_delta_threads.xml,0.4331645755406454,0.2707758088194446,0.2934777162688617,0.116484428170705,0.4262780817995732,0.2513469065033887,0.4405047605125088,0.3606557747853731,0.1497791905318401,,,,,,,,0.3871598541736603,0.3035986721515655,0.3348615169525146,0.2805894911289215,0.5821860432624817,0.4479183554649353,0.525275468826294,0.5086110830307007,0.3375710844993591,,,,,,,,1.0,0.5,1.0,1.0,1.0,0.8813559322033898,1.0,0.3835616438356164,1.0,,,,,,,,0,17,0,0,0,7.0,0.0,45.0,0.0,,,,,,,,93,17,42,22,255,52.0,160.0,28.0,21.0,,,,,,,,0,1,0,1,0,0.0,0.0,1.0,0.0,,,,,,,,,,,,,,,,,,,,,,,,,,,,,,,
75,1075040167.0_5_deltaless_thread.xml,0.1573993194737974,0.087364439361337,0.3538734841843058,0.1304374604360771,0.1618370671193683,0.1399420200392954,,,,,,,,,,,0.396495372056961,0.311168223619461,0.5803826451301575,0.1401206403970718,0.2619774043560028,0.425932377576828,,,,,,,,,,,1.0,1.0,1.0,1.0,1.0,1.0,,,,,,,,,,,0,0,0,0,0,0.0,,,,,,,,,,,111,37,202,59,148,89.0,,,,,,,,,,,0,0,1,1,0,0.0,,,,,,,,,,,,,,,,,,,,,,,,,,,,,,,,,,
76,1062071645.0_3_deltaless_thread.xml,0.5349632804735976,0.2480933084728125,0.2271266771281088,0.1529963511820517,0.3598167592637018,0.0423483016344672,0.3086137025875594,0.3680072654260672,0.2263269266313859,0.0,0.1939454583690224,0.1856871096135641,,,,,0.7534521818161011,0.1982955336570739,0.1927501261234283,0.0436842814087867,0.1185726970434188,0.1696436405181884,0.1402476131916046,0.1951631754636764,0.0843151658773422,0.1307115703821182,0.1441434472799301,0.1943632662296295,,,,,0.916279069767442,0.7254901960784313,1.0,1.0,1.0,1.0,1.0,0.8307692307692308,1.0,1.0,0.5346534653465347,1.0,,,,,18,14,0,0,0,0.0,0.0,11.0,0.0,0.0,47.0,0.0,,,,,197,37,126,31,52,25.0,85.0,54.0,95.0,1.0,54.0,29.0,,,,,1,0,0,0,0,0.0,0.0,0.0,0.0,0.0,0.0,0.0,,,,,,,,,,,,,,,,,,,,,,,,,,,,
77,1102614149.0_4_deltaless_thread.xml,0.4121494959428343,0.0218560442028894,0.4773712146903032,0.1471125481277911,0.4409331298257627,0.2818216041211399,0.582149080086654,0.1720674645146337,0.2886792424520051,0.1254077528114217,0.6012987475122161,0.2458580943581638,0.5206871715652948,0.3885176073833721,0.6265983034499005,0.2263595453187468,0.5989435315132141,0.076393686234951,0.5242783427238464,0.6891229748725891,0.6392931342124939,0.1995123624801635,0.6344717144966125,0.0566704049706459,0.1920066028833389,0.097293697297573,0.6573406457901001,0.688942015171051,0.6156439781188965,0.415169358253479,0.6421526074409485,0.6531166434288025,1.0,1.0,1.0,1.0,1.0,1.0,1.0,1.0,1.0,1.0,1.0,1.0,0.4827586206896552,1.0,1.0,1.0,0,0,0,0,0,0.0,0.0,0.0,0.0,0.0,0.0,0.0,30.0,0.0,0.0,0.0,39,5,76,10,49,31.0,137.0,17.0,8.0,8.0,156.0,36.0,28.0,123.0,159.0,51.0,0,0,0,0,0,0.0,1.0,0.0,0.0,1.0,0.0,0.0,0.0,0.0,0.0,0.0,0.4794264367588892,0.042604092040981,0.2409059876357209,,0.6340805888175964,0.1187762096524238,0.1406009644269943,,1.0,1.0,1.0,,0.0,0.0,0.0,,65.0,7.0,57.0,,0.0,1.0,0.0,
78,134214340.0_11_deltaless_thread.xml,0.307576681251789,0.4064993567266376,0.2898551633301585,0.2051898993549677,0.0886419301880321,0.4265266175146555,0.4944105420502616,,,,,,,,,,0.5054123401641846,0.6447621583938599,0.3814600706100464,-0.0335435681045055,-0.0830003544688224,0.611910879611969,0.6205286979675293,,,,,,,,,,1.0,1.0,0.6458333333333334,1.0,1.0,0.7572815533980582,1.0,,,,,,,,,,0,0,17,0,0,25.0,0.0,,,,,,,,,,55,183,31,55,3,78.0,126.0,,,,,,,,,,0,0,3,0,0,0.0,2.0,,,,,,,,,,,,,,,,,,,,,,,,,,,,,,,,,
79,154839924.0_6_deltaless_thread.xml,0.4026597662449719,0.3838691908295246,0.0,0.2191876103149187,0.1098992160290207,0.1724532377192312,0.1140099724027563,0.1721681776212399,0.3041361452726474,0.4675259196313855,0.2028687061368772,0.1529862190308586,0.2217637397487786,0.0511070488900278,0.366350678913981,0.2809456727834601,0.5553696751594543,0.5865124464035034,0.1740950345993042,0.3345361649990082,0.1941816955804824,0.1006438359618187,0.2207449525594711,0.0734347626566886,0.4434700012207031,0.4752719700336456,0.3477219939231872,0.323674589395523,0.091881051659584,0.2067108303308487,0.5709987878799438,0.3656215965747833,1.0,0.5141955835962145,1.0,1.0,0.5,1.0,1.0,1.0,0.7074829931972789,0.7482394366197183,1.0,0.5306122448979592,1.0,0.6756756756756757,1.0,0.4821428571428571,0,154,0,0,7,0.0,0.0,0.0,43.0,143.0,0.0,23.0,0.0,12.0,0.0,29.0,441,163,8,41,7,32.0,26.0,30.0,104.0,425.0,56.0,26.0,36.0,25.0,211.0,27.0,1,2,1,0,1,0.0,0.0,0.0,0.0,5.0,0.0,0.0,0.0,3.0,0.0,0.0,0.1184169419253465,,,,0.1252153664827346,,,,1.0,,,,0.0,,,,13.0,,,,0.0,,,
80,144404372.0_19_deltaless_thread.xml,0.3557102851098548,0.0558920696335587,0.5625804484100929,0.4852633805785132,0.5416216849744487,0.4108544321329335,0.4364937087801255,,,,,,,,,,0.4387825727462768,0.0837627351284027,0.5400979518890381,0.5148069262504578,0.4432863891124725,0.4830600917339325,0.4084929227828979,,,,,,,,,,1.0,1.0,0.8761904761904762,1.0,1.0,1.0,1.0,,,,,,,,,,0,0,13,0,0,0.0,0.0,,,,,,,,,,64,10,92,77,138,70.0,66.0,,,,,,,,,,0,0,1,1,0,0.0,1.0,,,,,,,,,,,,,,,,,,,,,,,,,,,,,,,,,
81,1719432989.0_9_deltaless_thread.xml,0.2760194348891659,0.0,0.2495060022965111,0.1597625359241404,0.3955210444555859,,,,,,,,,,,,0.2333856076002121,0.0380747430026531,0.4059738516807556,0.6662416458129883,0.3249806761741638,,,,,,,,,,,,1.0,1.0,1.0,1.0,1.0,,,,,,,,,,,,0,0,0,0,0,,,,,,,,,,,,37,1,76,32,108,,,,,,,,,,,,1,0,0,0,0,,,,,,,,,,,,,,,,,,,,,,,,,,,,,,,,,,,
82,1821161756.0_5_deltaless_thread.xml,0.474101545233544,0.2282381335557951,0.4730091163336094,0.2472406590523889,0.3747505475155638,0.1003885829595962,0.2479852994470811,0.1916565289998959,0.1242927320314976,0.2301176301570101,0.3043204541292614,,,,,,0.7091653943061829,0.1390828788280487,0.6114920377731323,0.3941486477851867,0.6906183958053589,0.1434122771024704,0.1125795766711235,0.0642949193716049,0.0236651916056871,0.0244712699204683,0.084201842546463,,,,,,1.0,1.0,1.0,1.0,1.0,1.0,1.0,1.0,1.0,1.0,1.0,,,,,,0,0,0,0,0,0.0,0.0,0.0,0.0,0.0,0.0,,,,,,321,27,212,73,163,12.0,57.0,43.0,19.0,52.0,173.0,,,,,,0,0,4,0,0,0.0,1.0,0.0,1.0,1.0,0.0,,,,,,,,,,,,,,,,,,,,,,,,,,,,,
83,2030191996.0_4_deltaless_thread.xml,0.2615239464688713,0.2307288807158242,0.440406310800857,0.3423575979511442,0.3843388051190196,0.1927555178699584,0.2603117681301174,0.2521946930008993,,,,,,,,,0.5807667374610901,0.3828960359096527,0.4093720614910126,0.3576433062553406,0.2712769508361816,0.2497642934322357,0.4036442935466766,0.2682280540466308,,,,,,,,,1.0,1.0,1.0,1.0,1.0,1.0,1.0,1.0,,,,,,,,,0,0,0,0,0,0.0,0.0,0.0,,,,,,,,,29,31,434,82,61,117.0,49.0,109.0,,,,,,,,,0,0,7,1,0,2.0,0.0,0.0,,,,,,,,,,,,,,,,,,,,,,,,,,,,,,,,
84,2030191996.0_42_deltaless_thread.xml,0.0818417256464114,0.1665341679861726,0.2748093910094617,0.1668403148914976,0.1214110045463086,0.180829405031936,0.1396192179427945,0.2211173996686009,0.1780672633174174,0.116219342590547,0.0,,,,,,0.3936349153518677,0.3382005393505096,0.402072548866272,0.3738178014755249,0.5702422857284546,0.2664535045623779,0.3437386155128479,0.4559708833694458,0.331803023815155,0.4187756478786468,0.0919394418597221,,,,,,1.0,1.0,1.0,1.0,1.0,1.0,1.0,1.0,1.0,1.0,1.0,,,,,,0,0,0,0,0,0.0,0.0,0.0,0.0,0.0,0.0,,,,,,20,10,59,28,18,35.0,14.0,26.0,22.0,42.0,5.0,,,,,,1,0,1,0,2,0.0,0.0,1.0,0.0,1.0,0.0,,,,,,,,,,,,,,,,,,,,,,,,,,,,,
85,223614694.0_3_deltaless_thread.xml,0.537485193514249,0.5264537795227084,0.5194484816945527,0.3517524769282358,0.2568258267405703,0.3589091687628806,,,,,,,,,,,0.671759307384491,0.7187331914901733,0.692878007888794,0.4805029928684234,0.3294062912464142,0.6882513165473938,,,,,,,,,,,0.4675324675324675,1.0,0.6756756756756757,1.0,1.0,1.0,,,,,,,,,,,82,0,72,0,0,0.0,,,,,,,,,,,72,129,150,84,53,57.0,,,,,,,,,,,1,0,1,1,2,0.0,,,,,,,,,,,,,,,,,,,,,,,,,,,,,,,,,,
86,2076541612.0_4_deltaless_thread.xml,0.3954708910159101,0.2075447887279078,0.2934550032636251,0.3205542064901046,0.4289029990684428,0.0399290057251118,0.2846026889524605,0.2472246579932889,0.3658066718543336,0.1623876836289873,0.3120871802012105,0.3933048007702487,0.4809082728689297,,,,0.6807442307472229,0.2960547804832458,0.6927586793899536,0.7130839824676514,0.7726888656616211,0.2193480134010315,0.3061651587486267,0.3367417156696319,0.5991442203521729,0.4773388803005218,0.6573238372802734,0.6828610301017761,0.7000620365142822,,,,0.8976377952755905,1.0,0.875,1.0,0.7586206896551724,1.0,1.0,1.0,0.6619718309859155,1.0,1.0,0.8166666666666667,0.8341463414634146,,,,13,0,15,0,21,0.0,0.0,0.0,24.0,0.0,0.0,22.0,34.0,,,,114,11,105,43,66,19.0,88.0,32.0,47.0,34.0,90.0,98.0,171.0,,,,0,1,0,0,1,0.0,1.0,0.0,0.0,0.0,0.0,0.0,2.0,,,,,,,,,,,,,,,,,,,,,,,,,,,
87,2366753957.0_10_deltaless_thread.xml,0.2892344728359166,0.0599270392577253,0.3133722988180765,0.0715099603470731,0.2303350642462212,0.1574283331854578,,,,,,,,,,,0.6473680138587952,0.318107396364212,0.5902978181838989,0.3927014470100403,0.6266546249389648,0.590418815612793,,,,,,,,,,,1.0,1.0,1.0,1.0,1.0,1.0,,,,,,,,,,,0,0,0,0,0,0.0,,,,,,,,,,,94,18,99,10,44,29.0,,,,,,,,,,,0,1,0,0,0,0.0,,,,,,,,,,,,,,,,,,,,,,,,,,,,,,,,,,
88,2512463257.0_20_deltaless_thread.xml,0.0695999314838987,0.0264464679320982,0.071240198381322,0.1239518603755717,0.0346263753700549,0.049529504690668,0.0556265614547234,0.0804766931379269,,,,,,,,,0.1659388840198516,0.0554122813045978,0.044241078197956,0.1212887167930603,-0.0480488091707229,-0.0092169009149074,0.1580091416835785,-0.0250167716294527,,,,,,,,,1.0,1.0,1.0,1.0,1.0,1.0,1.0,1.0,,,,,,,,,0,0,0,0,0,0.0,0.0,0.0,,,,,,,,,3,9,13,35,18,18.0,14.0,16.0,,,,,,,,,0,0,0,0,0,0.0,0.0,1.0,,,,,,,,,,,,,,,,,,,,,,,,,,,,,,,,
89,2547064804.0_2_deltaless_thread.xml,0.2388132214538317,0.2748725541922304,0.1889201158119105,0.1965972255291136,0.2299138733742087,0.2205797110596347,,,,,,,,,,,0.4681395888328552,0.592892050743103,0.6900959014892578,0.3687192797660827,0.5476735234260559,0.3581565618515014,,,,,,,,,,,1.0,1.0,1.0,1.0,1.0,1.0,,,,,,,,,,,0,0,0,0,0,0.0,,,,,,,,,,,88,153,35,34,59,69.0,,,,,,,,,,,6,0,1,0,0,0.0,,,,,,,,,,,,,,,,,,,,,,,,,,,,,,,,,,
90,2549309201.0_2_deltaless_thread.xml,0.3748748954415828,0.2682828330548644,0.1610821939948959,0.0112307752855994,0.2223949982662792,0.2018862680748911,0.3194727095215843,0.4861238639345842,0.2979772492938684,0.1036138697000038,0.1040438645002532,0.0680201408959971,0.1091392632229123,0.047288414363355,0.0132837022034924,0.3701876761716112,0.5277338027954102,0.4773002862930298,0.3667315244674682,0.0217784289270639,0.456072598695755,0.4592530429363251,0.5303544402122498,0.4812956154346466,0.536264955997467,0.3508727550506592,-0.0169351603835821,0.0741047263145446,0.317301869392395,0.1046420633792877,0.1002989783883094,0.5941990613937378,1.0,1.0,1.0,1.0,1.0,1.0,1.0,1.0,1.0,1.0,1.0,1.0,1.0,1.0,1.0,1.0,0,0,0,0,0,0.0,0.0,0.0,0.0,0.0,0.0,0.0,0.0,0.0,0.0,0.0,35,31,20,5,37,43.0,33.0,216.0,47.0,24.0,6.0,16.0,19.0,7.0,3.0,49.0,0,1,0,0,0,0.0,1.0,1.0,1.0,0.0,0.0,0.0,0.0,1.0,0.0,0.0,0.3098180942207355,0.3661583420876004,0.3132250176027077,0.3868486047710398,0.6131397485733032,0.7345163226127625,0.4347921311855316,0.5891420841217041,1.0,1.0,1.0,1.0,0.0,0.0,0.0,0.0,46.0,93.0,26.0,35.0,0.0,0.0,0.0,1.0
91,2676326580.0_8_deltaless_thread.xml,0.5450502639514326,0.464774483235198,0.2931630786023563,0.2311014601721217,0.2199760341046093,0.1844060651270837,0.2259167999136042,0.2757214918499088,0.3660934243445585,0.2262818730476633,0.4186037418336688,0.3589783991475973,0.2855321329677786,0.2288385245191027,0.4189055189507567,0.2599797074775402,0.7773761749267578,0.5519882440567017,0.2014971077442169,0.1883936375379562,0.3385295271873474,0.3448355793952942,0.4562797248363495,0.6070060729980469,0.495426207780838,0.353363960981369,0.5097017288208008,0.4310279488563537,0.4397534132003784,0.3901826441287994,0.5699068307876587,0.4172235429286957,1.0,1.0,1.0,1.0,1.0,1.0,1.0,1.0,1.0,1.0,1.0,1.0,1.0,1.0,1.0,1.0,0,0,0,0,0,0.0,0.0,0.0,0.0,0.0,0.0,0.0,0.0,0.0,0.0,0.0,127,82,38,45,26,34.0,36.0,93.0,67.0,63.0,79.0,124.0,77.0,68.0,96.0,34.0,0,0,0,0,0,0.0,0.0,1.0,0.0,1.0,0.0,0.0,0.0,0.0,0.0,2.0,0.2531917923575715,0.3223478340779103,0.4180412091344169,,0.5021407008171082,0.394359678030014,0.4592774510383606,,1.0,1.0,1.0,,0.0,0.0,0.0,,50.0,87.0,185.0,,0.0,0.0,0.0,
92,258580368.0_2_deltaless_thread.xml,0.4198901539619155,0.3037975732416159,0.1858275121563291,0.3014958915472907,0.2984411995542995,0.3435974643290377,0.2200803976102121,,,,,,,,,,0.6664033532142639,0.5415995717048645,0.3822110593318939,0.51445072889328,0.3907868564128876,0.3015602827072143,0.4914588332176208,,,,,,,,,,1.0,0.7142857142857143,0.5333333333333333,0.944954128440367,0.8435114503816794,0.6460807600950119,1.0,,,,,,,,,,0,64,35,6,41,149.0,0.0,,,,,,,,,,302,160,40,103,221,272.0,36.0,,,,,,,,,,1,0,0,0,1,0.0,0.0,,,,,,,,,,,,,,,,,,,,,,,,,,,,,,,,,
93,295203779.0_9_deltaless_thread.xml,0.337825978289642,0.4081507082488823,0.4462945506694689,0.4832202154549411,0.2118537301320076,,,,,,,,,,,,0.6618517637252808,0.6854538917541504,0.6689218282699585,0.571021556854248,0.3014711141586303,,,,,,,,,,,,1.0,0.6938775510204082,0.6310160427807486,0.65,0.7878787878787878,,,,,,,,,,,,0,30,69,63,7,,,,,,,,,,,,88,68,118,117,26,,,,,,,,,,,,2,0,3,0,0,,,,,,,,,,,,,,,,,,,,,,,,,,,,,,,,,,,
94,363480636.0_2_deltaless_thread.xml,0.0932461111870683,0.0868551844063705,0.0352733655223817,0.012170053055308,0.0573430659538199,0.1846633233170496,0.3108196175386824,0.3711573548640602,0.169507639724536,0.1475565072276783,,,,,,,0.5422606468200684,0.1137515008449554,0.4105941653251648,0.1193473488092422,0.2859467267990112,0.3738257884979248,0.3672635853290558,0.2982955276966095,0.1062453463673591,0.0599364042282104,,,,,,,1.0,1.0,1.0,1.0,1.0,1.0,1.0,1.0,0.3333333333333333,1.0,,,,,,,0,0,0,0,0,0.0,0.0,0.0,16.0,0.0,,,,,,,12,6,12,4,5,25.0,97.0,166.0,8.0,3.0,,,,,,,1,0,1,0,1,0.0,2.0,0.0,0.0,0.0,,,,,,,,,,,,,,,,,,,,,,,,,,,,,,
95,363480636.0_3_deltaless_thread.xml,0.1577277311047855,0.0487157564857218,0.3185029421738626,0.1147276041395752,0.1338803740696573,0.0,0.0,0.0439607488067952,0.281055267703708,0.354166352120895,0.2703657686133359,0.1508574879787023,0.2469952433353279,0.0814907285513203,,,0.5582291483879089,0.086782619357109,0.2110040187835693,0.1342958062887191,0.2805748879909515,0.2028238922357559,0.0861542820930481,0.0920867621898651,0.4862610101699829,0.4634780585765838,0.5458781123161316,0.5820672512054443,0.5333671569824219,0.3657441735267639,,,1.0,1.0,1.0,1.0,1.0,1.0,0.0,1.0,1.0,0.6266666666666667,1.0,1.0,1.0,1.0,,,0,0,0,0,0,0.0,0.0,0.0,0.0,28.0,0.0,0.0,0.0,0.0,,,55,5,12,8,10,2.0,0.0,21.0,57.0,47.0,16.0,32.0,21.0,19.0,,,0,1,0,0,0,0.0,0.0,0.0,0.0,0.0,0.0,1.0,0.0,0.0,,,,,,,,,,,,,,,,,,,,,,,,,,
96,444945722.0_1_deltaless_thread.xml,0.5099798672186885,0.3489979234967287,0.2671021261789371,0.5418529675595054,0.2390144116190784,0.365399459231939,0.3994531741604614,0.3878873175283461,0.3292499033321686,0.2734818587898588,0.2880283306440558,,,,,,0.5515621900558472,0.4121705591678619,0.6257568001747131,0.5906983613967896,0.5776557922363281,0.3064074516296386,0.5777573585510254,0.5974557399749756,0.6114146709442139,0.4313752651214599,0.4443565905094147,,,,,,1.0,1.0,1.0,1.0,1.0,0.65,1.0,0.6358024691358025,1.0,0.5333333333333333,1.0,,,,,,0,0,0,0,0,28.0,0.0,59.0,0.0,42.0,0.0,,,,,,55,39,56,71,68,52.0,84.0,103.0,136.0,48.0,47.0,,,,,,1,0,0,0,0,0.0,0.0,3.0,0.0,0.0,0.0,,,,,,,,,,,,,,,,,,,,,,,,,,,,,
