,thread_length,original_post_length,comment_length
78227727.0_1,1,2506,4330
78227727.0_2,1,2506,1318
80229182.0_1,1,2345,1032
84617375.0_1,1,125,173
87228342.0_1,1,686,362
87228342.0_2,1,686,635
93803852.0_1,1,2120,668
95163485.0_1,1,1412,1100
95220169.0_1,1,1271,2692
96123581.0_1,1,1593,621
99329272.0_1,1,4579,3478
99329272.0_2,1,4579,734
104870418.0_1,1,1561,2868
112092849.0_1,1,1643,2847
126209817.0_1,1,2071,662
134214340.0_1,1,3027,1351
142721845.0_1,1,1626,577
145491128.0_1,1,2080,1206
154839924.0_1,1,2223,1283
154839924.0_2,1,2223,3627
154839924.0_3,1,2223,5204
154839924.0_4,1,2223,1916
156866222.0_1,1,1597,1047
172456552.0_1,1,1720,1739
173157689.0_1,1,2008,2470
173572831.0_1,1,1932,1084
173814707.0_1,1,2799,999
197802628.0_1,1,2138,1263
197802628.0_2,1,2138,5269
199744342.0_1,1,1804,4339
200394744.0_1,1,1427,65
207157398.0_1,1,4173,1481
207157398.0_2,1,4173,435
207157398.0_3,1,4173,4622
208058488.0_1,1,541,2816
209099690.0_1,1,2583,3162
211207339.0_1,1,2706,1525
248557201.0_1,1,1664,2421
248557201.0_2,1,1664,1292
248893922.0_1,1,2525,408
250195022.0_1,1,2321,3154
276378140.0_1,1,1650,335
283879410.0_1,1,1360,792
283879410.0_2,1,1360,1663
283879410.0_3,1,1360,1027
285192903.0_1,1,2611,2558
289297036.0_1,1,2690,236
289297036.0_2,1,2690,2662
294835640.0_1,1,3609,2096
295203779.0_1,1,2839,321
310572070.0_1,1,1508,750
310572070.0_2,1,1508,468
310572070.0_3,1,1508,1529
310572070.0_4,1,1508,274
320213946.0_1,1,2287,1172
321704697.0_1,1,2494,2865
321704697.0_2,1,2494,1520
323449689.0_1,1,1500,747
323449689.0_2,1,1500,1724
337048102.0_1,1,1934,1902
340675377.0_1,1,1901,300
352222222.0_1,1,3167,634
352222222.0_2,1,3167,977
352222222.0_3,1,3167,998
361709424.0_1,1,4375,1575
361709424.0_2,1,4375,2972
372786470.0_1,1,532,991
372786470.0_2,1,532,782
377703481.0_1,1,1255,2871
386479431.0_1,1,2439,313
397999908.0_1,1,2081,1557
401821196.0_1,1,3320,3967
403343304.0_1,1,2022,841
403343304.0_2,1,2022,931
408864224.0_1,1,2731,2900
408864224.0_2,1,2731,158
409977160.0_1,1,3990,1576
409977160.0_2,1,3990,1171
409977160.0_3,1,3990,918
410036793.0_1,1,1443,946
410036793.0_2,1,1443,653
419002642.0_1,1,1882,1714
419002642.0_2,1,1882,386
419002642.0_3,1,1882,752
419976488.0_1,1,854,9
424733549.0_1,1,1027,1630
427286909.0_1,1,701,1255
430134660.0_1,1,3014,925
430134660.0_2,1,3014,2653
431133293.0_1,1,1076,417
431133293.0_2,1,1076,485
431133293.0_3,1,1076,1594
431133293.0_4,1,1076,332
431133293.0_5,1,1076,316
438235887.0_1,1,2652,1233
438235887.0_2,1,2652,3353
438235887.0_3,1,2652,9879
438235887.0_4,1,2652,3579
442068628.0_1,1,2213,1415
442231991.0_1,1,533,488
451657817.0_1,1,994,457
451657817.0_2,1,994,820
451657817.0_3,1,994,922
451763485.0_1,1,3740,2035
454805894.0_1,1,6015,1568
461440984.0_1,1,7108,3104
464135371.0_1,1,3389,639
464135371.0_2,1,3389,1063
464135371.0_3,1,3389,3428
474302889.0_1,1,1436,1337
474302889.0_2,1,1436,1860
477042548.0_1,1,1837,617
477042548.0_2,1,1837,2501
477042548.0_3,1,1837,1364
477042548.0_4,1,1837,751
477042548.0_5,1,1837,245
481581918.0_1,1,1398,575
481581918.0_2,1,1398,2539
488972359.0_1,1,2328,700
488972359.0_2,1,2328,939
495162519.0_1,1,1293,799
503104193.0_1,1,3677,2289
503241477.0_1,1,1411,1544
503594194.0_1,1,693,737
503594194.0_2,1,693,845
503594194.0_3,1,693,1201
503594194.0_4,1,693,628
505621166.0_1,1,2423,1247
505621166.0_2,1,2423,565
505621166.0_3,1,2423,673
505621166.0_4,1,2423,639
510392670.0_1,1,1730,1149
510392670.0_2,1,1730,1712
510392670.0_3,1,1730,470
522076006.0_1,1,2545,1812
522076006.0_2,1,2545,2023
525177041.0_1,1,993,764
525177041.0_2,1,993,1077
541274287.0_1,1,2025,1072
541274287.0_2,1,2025,4110
546995725.0_1,1,2926,527
548728073.0_1,1,3989,664
553674122.0_1,1,2809,1427
555460162.0_1,1,1929,70
556141362.0_1,1,773,665
556141362.0_2,1,773,811
567468370.0_1,1,1989,301
577631717.0_1,1,2207,350
577631717.0_2,1,2207,502
585198385.0_1,1,1979,332
590599984.0_1,1,2267,327
592218573.0_1,1,935,833
592456991.0_1,1,981,2280
593993382.0_1,1,1279,718
593993382.0_2,1,1279,628
607392345.0_1,1,1139,327
607392345.0_2,1,1139,314
608962307.0_1,1,1355,1096
611555437.0_1,1,1237,299
611555437.0_2,1,1237,766
611555437.0_3,1,1237,641
611555437.0_4,1,1237,564
611555437.0_5,1,1237,421
611555437.0_6,1,1237,588
611555437.0_7,1,1237,610
611555437.0_8,1,1237,801
611555437.0_9,1,1237,798
611555437.0_10,1,1237,239
611555437.0_11,1,1237,203
611555437.0_12,1,1237,311
611555437.0_13,1,1237,387
611555437.0_14,1,1237,384
611555437.0_15,1,1237,699
611555437.0_16,1,1237,1104
611555437.0_17,1,1237,499
611555437.0_18,1,1237,1265
614370847.0_1,1,1158,1093
634030621.0_1,1,1046,2281
634999159.0_1,1,1024,548
644178994.0_1,1,3696,612
644178994.0_2,1,3696,3767
644387032.0_1,1,1460,851
646554790.0_1,1,1032,553
646554790.0_2,1,1032,2762
646554790.0_3,1,1032,3099
646554790.0_4,1,1032,2672
654650438.0_1,1,1685,2648
658027977.0_1,1,1526,1047
668369613.0_1,1,642,1155
682071988.0_1,1,752,1087
682071988.0_2,1,752,208
682071988.0_3,1,752,180
682071988.0_4,1,752,1632
682071988.0_5,1,752,441
710395649.0_1,1,1547,526
710810230.0_1,1,2750,2149
710810230.0_2,1,2750,2233
710810230.0_3,1,2750,5884
710810230.0_4,1,2750,4381
710810230.0_5,1,2750,1677
710810230.0_6,1,2750,1345
710810230.0_7,1,2750,4186
717356186.0_1,1,1594,665
717356186.0_2,1,1594,701
717356186.0_3,1,1594,1735
726302567.0_1,1,3659,1508
744855311.0_1,1,794,551
788202184.0_1,1,5707,1766
788202184.0_2,1,5707,508
795564867.0_1,1,1275,545
795564867.0_2,1,1275,1033
797145031.0_1,1,638,1570
818068356.0_1,1,1472,595
903350017.0_1,1,2742,776
941986196.0_1,1,1182,842
967222694.0_1,1,1226,1303
967222694.0_2,1,1226,1276
996266069.0_1,1,775,1817
996266069.0_2,1,775,1734
1007191701.0_1,1,1272,1199
1026594069.0_1,1,2416,1111
1062071645.0_1,1,1562,336
1073570521.0_1,1,2325,611
1073570521.0_2,1,2325,562
1073570521.0_3,1,2325,2667
1075040167.0_1,1,767,62
1082495263.0_1,1,2323,2660
1082495263.0_2,1,2323,1182
1101758559.0_1,1,1798,1333
1127710637.0_1,1,2580,2094
1172678506.0_1,1,1533,393
1199878026.0_1,1,3829,2631
1207508597.0_1,1,764,380
1207508597.0_2,1,764,851
1207508597.0_3,1,764,464
1253030939.0_1,1,586,473
1333574087.0_1,1,1200,214
1343602912.0_1,1,2257,214
1343602912.0_2,1,2257,746
1349693156.0_1,1,2671,438
1349693156.0_2,1,2671,1294
1349693156.0_3,1,2671,4764
1349693156.0_4,1,2671,1139
1378810771.0_1,1,3701,4218
1404281738.0_1,1,5069,1052
1454822724.0_1,1,2618,1565
1471022435.0_1,1,3176,175
1471022435.0_2,1,3176,439
1471022435.0_3,1,3176,333
1471022435.0_4,1,3176,589
1521278374.0_1,1,845,329
1561033788.0_1,1,1018,9
1561033788.0_2,1,1018,178
1591671739.0_1,1,1449,609
1606602557.0_1,1,1679,394
1606602557.0_2,1,1679,468
1606602557.0_3,1,1679,437
1606602557.0_4,1,1679,788
1606602557.0_5,1,1679,475
1606602557.0_6,1,1679,423
1606602557.0_7,1,1679,635
1606602557.0_8,1,1679,2782
1606602557.0_9,1,1679,1911
1606602557.0_10,1,1679,188
1630071154.0_1,1,1238,1613
1634622433.0_1,1,661,201
1642402331.0_1,1,1522,408
1660398859.0_1,1,2377,537
1693263824.0_1,1,721,1685
1719432989.0_1,1,2777,773
1780416108.0_1,1,3083,555
1808402856.0_1,1,1644,1136
1808402856.0_2,1,1644,1056
1835287404.0_1,1,1344,1505
1835287404.0_2,1,1344,1064
1860088617.0_1,1,705,945
1860088617.0_2,1,705,595
1860088617.0_3,1,705,421
1860088617.0_4,1,705,994
1865427692.0_1,1,1847,791
1865427692.0_2,1,1847,2385
1888677829.0_1,1,978,1304
1919527693.0_1,1,749,627
1919527693.0_2,1,749,726
1919527693.0_3,1,749,976
1939632337.0_1,1,761,191
1939632337.0_2,1,761,199
1974133363.0_1,1,3322,651
1974133363.0_2,1,3322,1817
1974133363.0_3,1,3322,802
1974133363.0_4,1,3322,535
1974133363.0_5,1,3322,1200
1974133363.0_6,1,3322,978
2026542997.0_1,1,2002,139
2026542997.0_2,1,2002,1364
2026542997.0_3,1,2002,684
2029604189.0_1,1,858,455
2029604189.0_2,1,858,1763
2030191996.0_1,1,1432,701
2050475588.0_1,1,549,1855
2050475588.0_2,1,549,448
2050475588.0_3,1,549,2401
2068653566.0_1,1,1824,575
2076541612.0_1,1,1765,832
2238937822.0_1,1,2765,576
2238937822.0_2,1,2765,942
2242239967.0_1,1,729,2185
2335432693.0_1,1,1292,1706
2359291511.0_1,1,5405,71
2359291511.0_2,1,5405,223
2359291511.0_3,1,5405,189
2359291511.0_4,1,5405,47
2359291511.0_5,1,5405,691
2359291511.0_6,1,5405,79
2363991100.0_1,1,2156,1463
2366753957.0_1,1,1280,238
2366753957.0_2,1,1280,312
2366753957.0_3,1,1280,590
2366753957.0_4,1,1280,978
2366753957.0_5,1,1280,53
2366753957.0_6,1,1280,605
2374784829.0_1,1,2582,679
2374784829.0_2,1,2582,1702
2454551757.0_1,1,1441,3035
2454551757.0_2,1,1441,2081
2481523944.0_1,1,559,1085
2491044503.0_1,1,6975,1203
2512463257.0_1,1,616,797
2547064804.0_1,1,870,1100
2550857978.0_1,1,890,726
2550857978.0_2,1,890,948
2560674926.0_1,1,1839,1520
2560674926.0_2,1,1839,630
2560674926.0_3,1,1839,1815
2560674926.0_4,1,1839,1486
2562772438.0_1,1,1020,2397
2574675996.0_1,1,2050,1871
2599419093.0_1,1,1096,2060
2599419093.0_2,1,1096,1751
2599419093.0_3,1,1096,2058
2660036271.0_1,1,708,279
2660036271.0_2,1,708,1470
2666021095.0_1,1,4171,563
2666021095.0_2,1,4171,1413
2666021095.0_3,1,4171,1441
2666021095.0_4,1,4171,108
2666021095.0_5,1,4171,1785
2673789025.0_1,1,1903,648
2673789025.0_2,1,1903,2051
2673789025.0_3,1,1903,1605
2676326580.0_1,1,4229,626
2676326580.0_2,1,4229,1278
2676326580.0_3,1,4229,1950
2705522192.0_1,1,3688,3277
