,thread_length,original_post_length,comments_avg_length
76196414.0_1,3,360,631.0
76196414.0_2,5,360,489.6
80733377.0_1,11,264,454.73
80733377.0_2,15,264,334.07
86147245.0_1,3,2312,1492.0
87228342.0_1,3,686,1259.33
99290486.0_1,5,711,756.2
99329272.0_1,3,4579,1039.67
102987767.0_1,5,667,68.4
112874326.0_1,5,908,571.6
113567594.0_1,8,1231,965.75
115882088.0_1,9,2373,433.22
125791631.0_1,3,639,349.0
134214340.0_1,9,3027,1942.0
134470458.0_1,5,1446,305.6
144404372.0_1,5,3537,470.8
144404372.0_2,2,3537,1916.5
144404372.0_3,8,3537,308.75
149345306.0_1,3,521,474.33
154839924.0_1,3,2223,1740.33
154839924.0_2,3,2223,269.67
154839924.0_3,7,2223,1006.14
154839924.0_4,7,2223,1007.71
156866222.0_1,3,1597,508.33
160170780.0_1,7,1852,723.43
162950857.0_1,3,4203,2693.33
163717378.0_1,3,670,937.0
181959121.0_1,2,3194,486.0
181959121.0_2,8,3194,421.0
199744342.0_1,5,1804,495.0
200394744.0_1,3,1427,146.0
208058488.0_1,3,541,1292.67
209151241.0_1,7,2400,323.43
217468142.0_1,13,1450,492.0
220698466.0_1,10,2753,661.2
223614694.0_1,13,5352,901.77
223614694.0_2,7,5352,809.14
223826952.0_1,3,3525,697.67
225482448.0_1,3,2307,1536.67
234217718.0_1,5,3718,198.8
239105883.0_1,3,811,221.67
246358818.0_1,5,1448,672.0
250195022.0_1,5,2321,678.2
258580368.0_1,8,867,1355.38
266369687.0_1,2,2992,327.0
283879410.0_1,3,1360,382.33
285265861.0_1,3,2334,735.0
295203779.0_1,9,2839,157.33
299317869.0_1,3,1662,2716.33
323449689.0_1,3,1500,270.67
337048102.0_1,3,1934,533.67
337048102.0_2,3,1934,517.67
337048102.0_3,5,1934,182.0
337048102.0_4,5,1934,374.4
352222222.0_1,3,3167,1183.33
352222222.0_2,5,3167,798.8
352222222.0_3,7,3167,696.29
352222222.0_4,3,3167,1051.67
363480636.0_1,7,1407,759.0
363480636.0_2,11,1407,166.64
363480636.0_3,15,1407,390.33
368037533.0_1,5,1173,78.2
370308710.0_1,4,1812,567.5
376661722.0_1,4,1538,721.75
390098992.0_1,9,3504,427.89
390098992.0_2,4,3504,703.5
390098992.0_3,11,3504,1191.73
390098992.0_4,3,3504,1298.33
390778824.0_1,3,1088,117.0
398392859.0_1,3,3951,1705.0
401821196.0_1,5,3320,513.6
401821196.0_2,5,3320,625.2
401821196.0_3,17,3320,1236.88
403343304.0_1,5,2022,829.6
403343304.0_2,3,2022,696.67
403343304.0_3,3,2022,521.33
410977978.0_1,3,2094,314.0
410977978.0_2,11,2094,359.82
410977978.0_3,6,2094,327.0
415345595.0_1,3,2773,2221.33
419002642.0_1,3,1882,1576.0
419002642.0_2,3,1882,1934.0
419002642.0_3,3,1882,1001.67
424649670.0_1,5,1052,839.8
424733549.0_1,3,1027,587.67
429689730.0_1,3,1673,1288.33
431133293.0_1,3,1076,219.0
438235887.0_1,3,2652,750.0
442068628.0_1,7,2213,597.57
444945722.0_1,9,2701,432.89
456163249.0_1,3,2506,990.33
464135371.0_1,3,3389,812.67
468395254.0_1,9,3032,383.0
476947007.0_1,3,2064,1128.67
477042548.0_1,3,1837,611.0
477042548.0_2,7,1837,410.71
477042548.0_3,5,1837,453.8
477042548.0_4,7,1837,501.71
477042548.0_5,3,1837,601.33
477042548.0_6,9,1837,759.67
483439173.0_1,5,4286,1051.2
488972359.0_1,3,2328,263.0
495162519.0_1,3,1293,209.67
495807671.0_1,7,1176,766.0
496153887.0_1,3,560,1368.0
503594194.0_1,3,693,455.67
505621166.0_1,3,2423,546.67
505621166.0_2,3,2423,584.33
505621166.0_3,3,2423,358.0
514822279.0_1,5,3924,411.0
519757161.0_1,3,3464,1357.67
519757161.0_2,3,3464,4385.0
525177041.0_1,3,993,723.67
525177041.0_2,2,993,98.0
525177041.0_3,5,993,508.2
537285091.0_1,3,1229,396.67
548728073.0_1,2,3989,2121.0
555460162.0_1,3,1929,239.67
564888063.0_1,9,3376,202.33
564888063.0_2,9,3376,658.0
565121219.0_1,3,790,905.0
567468370.0_1,3,1989,1170.67
577631717.0_1,3,2207,694.0
577631717.0_2,3,2207,472.0
577631717.0_3,3,2207,1616.0
585198385.0_1,5,1979,367.4
592218573.0_1,3,935,394.67
592218573.0_2,3,935,393.0
592218573.0_3,3,935,444.0
592456991.0_1,5,981,303.6
593993382.0_1,3,1279,2002.33
597970490.0_1,13,654,254.38
597970490.0_2,21,654,322.62
597970490.0_3,9,654,457.89
597970490.0_4,13,654,333.85
632832865.0_1,5,690,533.0
634030621.0_1,3,1046,1407.0
644178994.0_1,5,3696,673.4
644387032.0_1,5,1460,661.4
646554790.0_1,3,1032,1487.33
646554790.0_2,5,1032,298.6
646554790.0_3,3,1032,541.0
654650438.0_1,3,1685,1349.67
668369613.0_1,3,642,728.33
668667727.0_1,3,2746,382.0
668667727.0_2,3,2746,2418.67
708521265.0_1,3,4226,1189.0
709135164.0_1,3,1884,1452.0
710395649.0_1,3,1547,194.33
744855311.0_1,3,794,480.0
744855311.0_2,3,794,840.33
784434824.0_1,5,1369,1482.4
784434824.0_2,3,1369,1369.33
788202184.0_1,3,5707,862.67
788202184.0_2,7,5707,1552.29
793889471.0_1,3,6538,2999.67
793889471.0_2,3,6538,1340.33
797145031.0_1,7,638,290.29
869470252.0_1,8,2427,197.25
903350017.0_1,3,2742,1181.33
903350017.0_2,3,2742,741.0
941986196.0_1,4,1182,357.5
989224860.0_1,7,1562,438.0
989224860.0_2,15,1562,657.2
1007191701.0_1,3,1272,620.67
1057425222.0_1,3,1624,535.0
1062071645.0_1,7,1562,159.14
1075040167.0_1,8,767,374.5
1082495263.0_1,3,2323,1043.67
1082495263.0_2,7,2323,775.43
1101758559.0_1,3,1798,848.67
1102614149.0_1,5,3354,231.8
1102614149.0_2,17,3354,234.24
1146362973.0_1,3,2198,729.0
1172678506.0_1,3,1533,231.0
1199878026.0_1,3,3829,228.33
1199878026.0_2,3,3829,2537.67
1207508597.0_1,3,764,602.33
1207508597.0_2,3,764,634.67
1207508597.0_3,7,764,406.71
1207508597.0_4,11,764,299.55
1207508597.0_5,3,764,1149.33
1280235175.0_1,3,1509,644.0
1281410057.0_1,3,1050,1788.67
1287751445.0_1,3,876,80.67
1293341010.0_1,5,535,630.0
1299493392.0_1,5,514,296.0
1333574087.0_1,3,1200,1336.33
1343602912.0_1,3,2257,164.0
1349693156.0_1,3,2671,127.67
1378810771.0_1,7,3701,491.57
1409948101.0_1,4,1082,221.0
1409948101.0_2,7,1082,369.71
1437482501.0_1,6,2015,163.0
1561033788.0_1,3,1018,531.33
1562786393.0_1,5,1427,858.0
1630071154.0_1,3,1238,1417.67
1642402331.0_1,3,1522,820.67
1642402331.0_2,4,1522,943.0
1669442084.0_1,3,2996,1246.0
1669442084.0_2,5,2996,938.0
1693263824.0_1,3,721,413.67
1693263824.0_2,3,721,1008.33
1719432989.0_1,11,2777,386.55
1719432989.0_2,3,2777,498.67
1719432989.0_3,9,2777,303.44
1798869912.0_1,3,2989,747.67
1821161756.0_1,7,1091,305.43
1821161756.0_2,7,1091,329.57
1865427692.0_1,7,1847,363.43
1865427692.0_2,9,1847,785.78
1865427692.0_3,5,1847,1207.4
1886140735.0_1,3,1771,133.33
1888677829.0_1,3,978,703.67
1888677829.0_2,3,978,395.33
1939632337.0_1,3,761,67.0
1939632337.0_2,5,761,111.0
1974133363.0_1,5,3322,421.8
1974133363.0_2,3,3322,796.67
1974133363.0_3,5,3322,450.6
1974133363.0_4,3,3322,338.33
1974133363.0_5,3,3322,532.33
1974133363.0_6,5,3322,720.4
1974133363.0_7,3,3322,355.0
1974133363.0_8,5,3322,796.8
1974133363.0_9,5,3322,737.8
1974133363.0_10,3,3322,1531.0
1986453802.0_1,5,2863,396.6
2026542997.0_1,4,2002,196.5
2030191996.0_1,6,1432,294.33
2050475588.0_1,5,549,306.0
2050475588.0_2,3,549,898.0
2068653566.0_1,3,1824,644.33
2076541612.0_1,7,1765,236.86
2076541612.0_2,3,1765,574.67
2076541612.0_3,11,1765,434.09
2091734653.0_1,5,2337,492.8
2238937822.0_1,5,2765,891.2
2242239967.0_1,9,729,142.22
2335432693.0_1,3,1292,295.67
2359291511.0_1,5,5405,127.0
2363991100.0_1,4,2156,189.25
2366753957.0_1,3,1280,316.67
2366753957.0_2,3,1280,462.0
2366753957.0_3,7,1280,329.14
2366753957.0_4,7,1280,294.57
2366753957.0_5,7,1280,514.14
2366753957.0_6,9,1280,300.0
2366753957.0_7,9,1280,210.44
2366753957.0_8,15,1280,111.13
2366753957.0_9,3,1280,87.33
2374784829.0_1,3,2582,554.67
2454551757.0_1,5,1441,559.2
2491044503.0_1,3,6975,2528.0
2503391384.0_1,5,1050,530.6
2512463257.0_1,13,616,129.62
2540223393.0_1,3,1172,460.33
2547064804.0_1,9,870,510.89
2547064804.0_2,15,870,361.67
2549309201.0_1,15,1255,659.53
2560674926.0_1,3,1839,221.67
2560674926.0_2,4,1839,1089.0
2565162652.0_1,3,1288,355.33
2599419093.0_1,3,1096,226.0
2599419093.0_2,3,1096,1122.67
2599419093.0_3,3,1096,830.0
2599419093.0_4,3,1096,734.33
2599419093.0_5,5,1096,1432.4
2599419093.0_6,5,1096,1643.6
2660036271.0_1,3,708,152.67
2660036271.0_2,5,708,299.6
2666021095.0_1,3,4171,293.0
2666021095.0_2,3,4171,1444.0
2676326580.0_1,6,4229,700.33
2676326580.0_2,3,4229,719.33
